{
	"textures": {
		"0": "animated_java:blueprint/blackhole/blackhole",
		"particle": "minecraft:item/pufferfish"
	},
	"display": {
		"head": {
			"rotation": [0, 180, 0]
		}
	},
	"elements": [
		{
			"from": [-2, 8, 18],
			"to": [18, 9, 19],
			"rotation": {
				"angle": 0,
				"axis": "y",
				"origin": [8, 8.5, 18.5]
			},
			"faces": {
				"north": {
					"uv": [5.5, 0, 9.5, 0.5],
					"texture": "#0"
				},
				"east": {
					"uv": [5.5, 0, 9.5, 0.5],
					"texture": "#0"
				},
				"south": {
					"uv": [5.5, 0, 9.5, 0.5],
					"texture": "#0"
				},
				"west": {
					"uv": [5.5, 0, 9.5, 0.5],
					"texture": "#0"
				},
				"up": {
					"uv": [5.5, 0, 9.5, 0.5],
					"texture": "#0"
				},
				"down": {
					"uv": [5.5, 0, 9.5, 0.5],
					"texture": "#0"
				}
			}
		},
		{
			"from": [-2, 8, -2],
			"to": [18, 9, -1],
			"rotation": {
				"angle": 0,
				"axis": "y",
				"origin": [8, 8.5, -1.5]
			},
			"faces": {
				"north": {
					"uv": [5.5, 0, 9.5, 0.5],
					"texture": "#0"
				},
				"east": {
					"uv": [5.5, 0, 9.5, 0.5],
					"texture": "#0"
				},
				"south": {
					"uv": [5.5, 0, 9.5, 0.5],
					"texture": "#0"
				},
				"west": {
					"uv": [5.5, 0, 9.5, 0.5],
					"texture": "#0"
				},
				"up": {
					"uv": [5.5, 0, 9.5, 0.5],
					"texture": "#0"
				},
				"down": {
					"uv": [5.5, 0, 9.5, 0.5],
					"texture": "#0"
				}
			}
		},
		{
			"from": [17, 8, -1],
			"to": [18, 9, 18],
			"rotation": {
				"angle": 0,
				"axis": "y",
				"origin": [17.5, 8.5, 8.5]
			},
			"faces": {
				"north": {
					"uv": [5.5, 0, 9.5, 0.5],
					"texture": "#0"
				},
				"east": {
					"uv": [5.5, 0, 9.5, 0.5],
					"texture": "#0"
				},
				"south": {
					"uv": [5.5, 0, 9.5, 0.5],
					"texture": "#0"
				},
				"west": {
					"uv": [5.5, 0, 9.5, 0.5],
					"texture": "#0"
				},
				"up": {
					"uv": [5.5, 0, 9.5, 0.5],
					"texture": "#0"
				},
				"down": {
					"uv": [5.5, 0, 9.5, 0.5],
					"texture": "#0"
				}
			}
		},
		{
			"from": [-2, 8, -1],
			"to": [-1, 9, 18],
			"rotation": {
				"angle": 0,
				"axis": "y",
				"origin": [8, 8.5, 18.5]
			},
			"faces": {
				"north": {
					"uv": [5.5, 0, 9.5, 0.5],
					"texture": "#0"
				},
				"east": {
					"uv": [5.5, 0, 9.5, 0.5],
					"texture": "#0"
				},
				"south": {
					"uv": [5.5, 0, 9.5, 0.5],
					"texture": "#0"
				},
				"west": {
					"uv": [5.5, 0, 9.5, 0.5],
					"texture": "#0"
				},
				"up": {
					"uv": [5.5, 0.5, 9.5, 0],
					"texture": "#0"
				},
				"down": {
					"uv": [5.5, 0, 9.5, 0.5],
					"texture": "#0"
				}
			}
		}
	]
}