{
	"textures": {
		"0": "animated_java:blueprint/blackhole/blackhole",
		"particle": "minecraft:item/pufferfish"
	},
	"display": {
		"head": {
			"rotation": [0, 180, 0]
		}
	},
	"elements": [
		{
			"from": [13, 13, 13],
			"to": [3, 3, 3],
			"faces": {
				"north": {
					"uv": [0, 5, 10, 15],
					"texture": "#0"
				},
				"east": {
					"uv": [0, 5, 10, 15],
					"texture": "#0"
				},
				"south": {
					"uv": [0, 5, 10, 15],
					"texture": "#0"
				},
				"west": {
					"uv": [0, 5, 10, 15],
					"texture": "#0"
				},
				"up": {
					"uv": [10, 15, 0, 5],
					"texture": "#0"
				},
				"down": {
					"uv": [10, 5, 0, 15],
					"texture": "#0"
				}
			}
		}
	]
}