{
	"format_version": "1.21.6",
	"credit": "Made with Blockbench",
	"textures": {
		"0": "item/51212b358da2eaf6",
		"1": "item/head",
		"2": "item/tail",
		"particle": "item/51212b358da2eaf6"
	},
	"elements": [
		{
			"name": "head",
			"from": [4, 3, 4],
			"to": [12, 11, 12],
			"rotation": {"angle": 0, "axis": "y", "origin": [8, 8.25682, 12.97137]},
			"faces": {
				"north": {"uv": [2, 2, 4, 4], "texture": "#0"},
				"east": {"uv": [0, 2, 2, 4], "texture": "#0"},
				"south": {"uv": [6, 2, 8, 4], "texture": "#0"},
				"west": {"uv": [4, 2, 6, 4], "texture": "#0"},
				"up": {"uv": [4, 2, 2, 0], "texture": "#0"},
				"down": {"uv": [6, 0, 4, 2], "texture": "#0"}
			}
		},
		{
			"from": [6.5, 10.89324, 12.37996],
			"to": [9.5, 16.89324, 18.37996],
			"rotation": {"angle": 10, "axis": "x", "origin": [8, 14.25682, 15.97137]},
			"faces": {
				"north": {"uv": [6, 0, 9, 6], "texture": "#1"},
				"east": {"uv": [0, 0, 6, 6], "texture": "#1"},
				"south": {"uv": [6, 6, 9, 12], "texture": "#1"},
				"west": {"uv": [6, 0, 0, 6], "texture": "#1"},
				"up": {"uv": [9, 0, 12, 6], "texture": "#1"},
				"down": {"uv": [9, 12, 12, 6], "texture": "#1"}
			}
		},
		{
			"from": [8, 8.3, 15.5],
			"to": [8, 12.05, 20.75],
			"rotation": {"angle": 10, "axis": "x", "origin": [8, 10.28847, 17.79151]},
			"faces": {
				"north": {"uv": [0, 0, 0, 3], "texture": "#2"},
				"east": {"uv": [7, 0, 0, 5], "texture": "#2"},
				"south": {"uv": [0, 0, 0, 3], "texture": "#2"},
				"west": {"uv": [0, 0, 7, 5], "texture": "#2"},
				"up": {"uv": [0, 0, 0, 4], "texture": "#2"},
				"down": {"uv": [0, 0, 0, 4], "texture": "#2"}
			}
		},
		{
			"from": [6, 9.73321, 9.72725],
			"to": [10, 11.73321, 12.72725],
			"rotation": {"angle": 10, "axis": "x", "origin": [8, 9.25682, 12.97137]},
			"faces": {
				"north": {"uv": [6.75, 4.25, 8.25, 5.25], "texture": "#0"},
				"east": {"uv": [11.25, 5, 13.75, 6.5], "texture": "#0"},
				"south": {"uv": [6.75, 4.25, 8.25, 5.25], "texture": "#0"},
				"west": {"uv": [11.25, 5, 13.75, 6.5], "texture": "#0"},
				"up": {"uv": [11, 4, 12, 4.75], "texture": "#0"},
				"down": {"uv": [11, 4, 12, 5], "texture": "#0"}
			}
		},
		{
			"name": "head_2nd_layer",
			"from": [3.5, 2, 3.5],
			"to": [12.5, 11, 12.5],
			"rotation": {"angle": 0, "axis": "y", "origin": [8, 8.25682, 12.97137]},
			"faces": {
				"north": {"uv": [10, 2, 12, 4], "texture": "#0"},
				"east": {"uv": [8, 2, 10, 4], "texture": "#0"},
				"south": {"uv": [14, 2, 16, 4], "texture": "#0"},
				"west": {"uv": [12, 2, 14, 4], "texture": "#0"},
				"up": {"uv": [12, 2, 10, 0], "texture": "#0"},
				"down": {"uv": [14, 0, 12, 2], "texture": "#0"}
			}
		}
	],
	"display": {
		"gui": {
			"rotation": [11, 160, 0]
		}
	},
	"groups": [
		{
			"name": "head",
			"origin": [0, 24, 0],
			"color": 0,
			"configs": {
				"default": {},
				"variants": {}
			},
			"children": [0, 1, 2, 3, 4]
		}
	]
}