{
	"format_version": "1.21.6",
	"credit": "Made with Blockbench",
	"textures": {
		"0": "item/advanced_laser_turret",
		"particle": "item/advanced_laser_turret"
	},
	"elements": [
		{
			"from": [2, 0, 2],
			"to": [14, 1, 14],
			"rotation": {"angle": 0, "axis": "y", "origin": [8, 0, 8]},
			"faces": {
				"north": {"uv": [3, 3, 6, 3.25], "texture": "#0"},
				"east": {"uv": [0, 3, 3, 3.25], "texture": "#0"},
				"south": {"uv": [9, 3, 12, 3.25], "texture": "#0"},
				"west": {"uv": [6, 3, 9, 3.25], "texture": "#0"},
				"up": {"uv": [6, 3, 3, 0], "texture": "#0"},
				"down": {"uv": [9, 0, 6, 3], "texture": "#0"}
			}
		},
		{
			"from": [5, 1, 5],
			"to": [11, 2, 11],
			"rotation": {"angle": 0, "axis": "y", "origin": [8, 0, 8]},
			"faces": {
				"north": {"uv": [6, 6.5, 7.5, 6.75], "texture": "#0"},
				"east": {"uv": [4.5, 6.5, 6, 6.75], "texture": "#0"},
				"south": {"uv": [9, 6.5, 10.5, 6.75], "texture": "#0"},
				"west": {"uv": [7.5, 6.5, 9, 6.75], "texture": "#0"},
				"up": {"uv": [7.5, 6.5, 6, 5], "texture": "#0"},
				"down": {"uv": [9, 5, 7.5, 6.5], "texture": "#0"}
			}
		},
		{
			"from": [12, 1, 3],
			"to": [13, 2, 4],
			"rotation": {"angle": 0, "axis": "y", "origin": [8, 0, 8]},
			"faces": {
				"north": {"uv": [1, 1, 1.25, 1.25], "texture": "#0"},
				"east": {"uv": [0.75, 1, 1, 1.25], "texture": "#0"},
				"south": {"uv": [1.5, 1, 1.75, 1.25], "texture": "#0"},
				"west": {"uv": [1.25, 1, 1.5, 1.25], "texture": "#0"},
				"up": {"uv": [1.25, 1, 1, 0.75], "texture": "#0"},
				"down": {"uv": [1.5, 0.75, 1.25, 1], "texture": "#0"}
			}
		},
		{
			"from": [12, 1, 12],
			"to": [13, 2, 13],
			"rotation": {"angle": 0, "axis": "y", "origin": [8, 0, 8]},
			"faces": {
				"north": {"uv": [1, 0.5, 1.25, 0.75], "texture": "#0"},
				"east": {"uv": [0.75, 0.5, 1, 0.75], "texture": "#0"},
				"south": {"uv": [1.5, 0.5, 1.75, 0.75], "texture": "#0"},
				"west": {"uv": [1.25, 0.5, 1.5, 0.75], "texture": "#0"},
				"up": {"uv": [1.25, 0.5, 1, 0.25], "texture": "#0"},
				"down": {"uv": [1.5, 0.25, 1.25, 0.5], "texture": "#0"}
			}
		},
		{
			"from": [3, 1, 12],
			"to": [4, 2, 13],
			"rotation": {"angle": 0, "axis": "y", "origin": [8, 0, 8]},
			"faces": {
				"north": {"uv": [0.25, 0.75, 0.5, 1], "texture": "#0"},
				"east": {"uv": [0, 0.75, 0.25, 1], "texture": "#0"},
				"south": {"uv": [0.75, 0.75, 1, 1], "texture": "#0"},
				"west": {"uv": [0.5, 0.75, 0.75, 1], "texture": "#0"},
				"up": {"uv": [0.5, 0.75, 0.25, 0.5], "texture": "#0"},
				"down": {"uv": [0.75, 0.5, 0.5, 0.75], "texture": "#0"}
			}
		},
		{
			"from": [3, 1, 3],
			"to": [4, 2, 4],
			"rotation": {"angle": 0, "axis": "y", "origin": [8, 0, 8]},
			"faces": {
				"north": {"uv": [0.25, 0.25, 0.5, 0.5], "texture": "#0"},
				"east": {"uv": [0, 0.25, 0.25, 0.5], "texture": "#0"},
				"south": {"uv": [0.75, 0.25, 1, 0.5], "texture": "#0"},
				"west": {"uv": [0.5, 0.25, 0.75, 0.5], "texture": "#0"},
				"up": {"uv": [0.5, 0.25, 0.25, 0], "texture": "#0"},
				"down": {"uv": [0.75, 0, 0.5, 0.25], "texture": "#0"}
			}
		},
		{
			"from": [11, 6, 5],
			"to": [12, 11, 11],
			"rotation": {"angle": 0, "axis": "y", "origin": [8, 0, 8]},
			"faces": {
				"north": {"uv": [1.5, 9, 1.75, 10.25], "texture": "#0"},
				"east": {"uv": [0, 9, 1.5, 10.25], "texture": "#0"},
				"south": {"uv": [3.25, 9, 3.5, 10.25], "texture": "#0"},
				"west": {"uv": [1.75, 9, 3.25, 10.25], "texture": "#0"},
				"up": {"uv": [1.75, 9, 1.5, 7.5], "texture": "#0"},
				"down": {"uv": [2, 7.5, 1.75, 9], "texture": "#0"}
			}
		},
		{
			"from": [4, 5, 5],
			"to": [12, 6, 11],
			"rotation": {"angle": 0, "axis": "y", "origin": [8, 0, 8]},
			"faces": {
				"north": {"uv": [5.5, 4.75, 7.5, 5], "texture": "#0"},
				"east": {"uv": [4, 4.75, 5.5, 5], "texture": "#0"},
				"south": {"uv": [9, 4.75, 11, 5], "texture": "#0"},
				"west": {"uv": [7.5, 4.75, 9, 5], "texture": "#0"},
				"up": {"uv": [7.5, 4.75, 5.5, 3.25], "texture": "#0"},
				"down": {"uv": [9.5, 3.25, 7.5, 4.75], "texture": "#0"}
			}
		},
		{
			"from": [4, 6, 5],
			"to": [5, 11, 11],
			"rotation": {"angle": 0, "axis": "y", "origin": [8, 0, 8]},
			"faces": {
				"north": {"uv": [6, 8.25, 6.25, 9.5], "texture": "#0"},
				"east": {"uv": [4.5, 8.25, 6, 9.5], "texture": "#0"},
				"south": {"uv": [7.75, 8.25, 8, 9.5], "texture": "#0"},
				"west": {"uv": [6.25, 8.25, 7.75, 9.5], "texture": "#0"},
				"up": {"uv": [6.25, 8.25, 6, 6.75], "texture": "#0"},
				"down": {"uv": [6.5, 6.75, 6.25, 8.25], "texture": "#0"}
			}
		},
		{
			"from": [6, 2, 6],
			"to": [10, 5, 10],
			"rotation": {"angle": 0, "axis": "y", "origin": [8, 0, 8]},
			"faces": {
				"north": {"uv": [10, 1, 11, 1.75], "texture": "#0"},
				"east": {"uv": [9, 1, 10, 1.75], "texture": "#0"},
				"south": {"uv": [12, 1, 13, 1.75], "texture": "#0"},
				"west": {"uv": [11, 1, 12, 1.75], "texture": "#0"},
				"up": {"uv": [11, 1, 10, 0], "texture": "#0"},
				"down": {"uv": [12, 0, 11, 1], "texture": "#0"}
			}
		},
		{
			"from": [3, 8, 7],
			"to": [13, 9, 9],
			"rotation": {"angle": 0, "axis": "y", "origin": [8, 0, 8]},
			"faces": {
				"north": {"uv": [0.5, 7.25, 3, 7.5], "texture": "#0"},
				"east": {"uv": [0, 7.25, 0.5, 7.5], "texture": "#0"},
				"south": {"uv": [3.5, 7.25, 6, 7.5], "texture": "#0"},
				"west": {"uv": [3, 7.25, 3.5, 7.5], "texture": "#0"},
				"up": {"uv": [3, 7.25, 0.5, 6.75], "texture": "#0"},
				"down": {"uv": [5.5, 6.75, 3, 7.25], "texture": "#0"}
			}
		},
		{
			"from": [7, 8, -2],
			"to": [9, 10, 4],
			"rotation": {"angle": 0, "axis": "y", "origin": [8, 11, 8]},
			"faces": {
				"north": {"uv": [8, 9.5, 8.5, 10], "texture": "#0"},
				"east": {"uv": [6.5, 9.5, 8, 10], "texture": "#0"},
				"south": {"uv": [10, 9.5, 10.5, 10], "texture": "#0"},
				"west": {"uv": [8.5, 9.5, 10, 10], "texture": "#0"},
				"up": {"uv": [8.5, 9.5, 8, 8], "texture": "#0"},
				"down": {"uv": [9, 8, 8.5, 9.5], "texture": "#0"}
			}
		},
		{
			"from": [6, 7, 4],
			"to": [10, 10, 12],
			"rotation": {"angle": 0, "axis": "y", "origin": [8, 11, 8]},
			"faces": {
				"north": {"uv": [2, 5.25, 3, 6], "texture": "#0"},
				"east": {"uv": [0, 5.25, 2, 6], "texture": "#0"},
				"south": {"uv": [5, 5.25, 6, 6], "texture": "#0"},
				"west": {"uv": [3, 5.25, 5, 6], "texture": "#0"},
				"up": {"uv": [3, 5.25, 2, 3.25], "texture": "#0"},
				"down": {"uv": [4, 3.25, 3, 5.25], "texture": "#0"}
			}
		}
	],
	"display": {
		"gui": {
			"rotation": [24, 141, 0],
			"translation": [0, 2.75, 0]
		}
	},
	"groups": [
		{
			"name": "group",
			"origin": [0, 0, 0],
			"color": 0,
			"configs": {
				"default": {},
				"variants": {}
			},
			"children": [
				0,
				1,
				2,
				3,
				4,
				5,
				6,
				7,
				8,
				9,
				{
					"name": "bone",
					"origin": [0, 8.66667, -2.33333],
					"color": 0,
					"configs": {
						"default": {},
						"variants": {}
					},
					"children": [10, 11, 12]
				}
			]
		}
	]
}