{
	"textures": {
		"0": "animated_java:blueprint/blueprint1/gltf_embedded_0",
		"particle": "minecraft:item/pufferfish"
	},
	"display": {
		"head": {
			"rotation": [0, 180, 0]
		}
	},
	"elements": [
		{
			"from": [6.49333, 7.8, 4.5],
			"to": [9.50333, 9.8, 11.5],
			"rotation": {
				"angle": 0,
				"axis": "x",
				"origin": [7.99833, 9, 8]
			},
			"faces": {
				"north": {
					"uv": [1.75, 7.75, 2.5, 8.25],
					"texture": "#0"
				},
				"east": {
					"uv": [2.5, 7.75, 4.25, 8.25],
					"texture": "#0"
				},
				"south": {
					"uv": [4.25, 7.75, 5, 8.25],
					"texture": "#0"
				},
				"west": {
					"uv": [0, 7.75, 1.75, 8.25],
					"texture": "#0"
				},
				"up": {
					"uv": [1.75, 8.25, 2.5, 10],
					"texture": "#0"
				},
				"down": {
					"uv": [1.75, 10, 2.5, 11.75],
					"texture": "#0"
				}
			}
		},
		{
			"from": [6.49333, 6.8, 4.5],
			"to": [6.49333, 7.8, 11.5],
			"rotation": {
				"angle": 0,
				"axis": "y",
				"origin": [6.49333, 7.3, 8]
			},
			"faces": {
				"north": {
					"uv": [0, 0, 0, 1],
					"texture": "#0"
				},
				"east": {
					"uv": [9.25, 8, 7.5, 8.25],
					"texture": "#0"
				},
				"south": {
					"uv": [0, 0, 0, 1],
					"texture": "#0"
				},
				"west": {
					"uv": [9.25, 8, 7.5, 8.25],
					"texture": "#0"
				},
				"up": {
					"uv": [0, 0, 0, 7],
					"texture": "#0"
				},
				"down": {
					"uv": [0, 0, 0, 7],
					"texture": "#0"
				}
			}
		},
		{
			"from": [9.49333, 6.8, 4.5],
			"to": [9.49333, 7.8, 11.5],
			"rotation": {
				"angle": 0,
				"axis": "y",
				"origin": [9.49333, 7.3, 8]
			},
			"faces": {
				"north": {
					"uv": [0, 0, 0, 1],
					"texture": "#0"
				},
				"east": {
					"uv": [6.75, 8, 5, 8.25],
					"texture": "#0"
				},
				"south": {
					"uv": [0, 0, 0, 1],
					"texture": "#0"
				},
				"west": {
					"uv": [6.75, 8, 5, 8.25],
					"texture": "#0"
				},
				"up": {
					"uv": [0, 0, 0, 7],
					"texture": "#0"
				},
				"down": {
					"uv": [0, 0, 0, 7],
					"texture": "#0"
				}
			}
		}
	]
}