{
	"textures": {
		"0": "animated_java:blueprint/blackhole/blackhole",
		"particle": "minecraft:item/pufferfish"
	},
	"display": {
		"head": {
			"rotation": [0, 180, 0]
		}
	},
	"elements": [
		{
			"from": [-2, 7.5, 17.5],
			"to": [18, 8.5, 18.5],
			"rotation": {
				"angle": 0,
				"axis": "y",
				"origin": [8, 8, 18]
			},
			"faces": {
				"north": {
					"uv": [5.5, 0, 9.5, 0.5],
					"texture": "#0"
				},
				"east": {
					"uv": [5.5, 0, 9.5, 0.5],
					"texture": "#0"
				},
				"south": {
					"uv": [5.5, 0, 9.5, 0.5],
					"texture": "#0"
				},
				"west": {
					"uv": [5.5, 0, 9.5, 0.5],
					"texture": "#0"
				},
				"up": {
					"uv": [5.5, 0, 9.5, 0.5],
					"texture": "#0"
				},
				"down": {
					"uv": [5.5, 0, 9.5, 0.5],
					"texture": "#0"
				}
			}
		},
		{
			"from": [-2, 7.5, -2.5],
			"to": [18, 8.5, -1.5],
			"rotation": {
				"angle": 0,
				"axis": "y",
				"origin": [8, 8, -2]
			},
			"faces": {
				"north": {
					"uv": [5.5, 0, 9.5, 0.5],
					"texture": "#0"
				},
				"east": {
					"uv": [5.5, 0, 9.5, 0.5],
					"texture": "#0"
				},
				"south": {
					"uv": [5.5, 0, 9.5, 0.5],
					"texture": "#0"
				},
				"west": {
					"uv": [5.5, 0, 9.5, 0.5],
					"texture": "#0"
				},
				"up": {
					"uv": [5.5, 0, 9.5, 0.5],
					"texture": "#0"
				},
				"down": {
					"uv": [5.5, 0, 9.5, 0.5],
					"texture": "#0"
				}
			}
		},
		{
			"from": [17, 7.5, -1.5],
			"to": [18, 8.5, 17.5],
			"rotation": {
				"angle": 0,
				"axis": "y",
				"origin": [17.5, 8, 8]
			},
			"faces": {
				"north": {
					"uv": [5.5, 0, 9.5, 0.5],
					"texture": "#0"
				},
				"east": {
					"uv": [5.5, 0, 9.5, 0.5],
					"texture": "#0"
				},
				"south": {
					"uv": [5.5, 0, 9.5, 0.5],
					"texture": "#0"
				},
				"west": {
					"uv": [5.5, 0, 9.5, 0.5],
					"texture": "#0"
				},
				"up": {
					"uv": [5.5, 0, 9.5, 0.5],
					"texture": "#0"
				},
				"down": {
					"uv": [5.5, 0, 9.5, 0.5],
					"texture": "#0"
				}
			}
		},
		{
			"from": [-2, 7.5, -1.5],
			"to": [-1, 8.5, 17.5],
			"rotation": {
				"angle": 0,
				"axis": "y",
				"origin": [8, 8, 18]
			},
			"faces": {
				"north": {
					"uv": [5.5, 0, 9.5, 0.5],
					"texture": "#0"
				},
				"east": {
					"uv": [5.5, 0, 9.5, 0.5],
					"texture": "#0"
				},
				"south": {
					"uv": [5.5, 0, 9.5, 0.5],
					"texture": "#0"
				},
				"west": {
					"uv": [5.5, 0, 9.5, 0.5],
					"texture": "#0"
				},
				"up": {
					"uv": [5.5, 0.5, 9.5, 0],
					"texture": "#0"
				},
				"down": {
					"uv": [5.5, 0, 9.5, 0.5],
					"texture": "#0"
				}
			}
		}
	]
}