{
    "parent": "block/block",
    "textures": {
        "particle": "block/chain",
        "all": "block/chain"
    },
    "elements": [
        {
            "from": [ 5, 0, 8 ],
            "to": [ 11, 16, 8 ],
            "rotation": { "origin": [ 8, 8, 8 ], "axis": "y", "angle": 45},
            "shade": false,
            "faces": {
                "north": { "uv": [ 0, 0, 8, 16 ], "texture": "#all" },
                "south": { "uv": [ 0, 0, 8, 16 ], "texture": "#all" }
            }
        },
        {
            "from": [ 8, 0, 5 ],
            "to": [ 8, 16, 11 ],
            "rotation": { "origin": [ 8, 8, 8 ], "axis": "y", "angle": 45},
            "shade": false,
            "faces": {
                "west": { "uv": [ 8, 0, 16, 16 ], "texture": "#all" },
                "east": { "uv": [ 8, 0, 16, 16 ], "texture": "#all" }
            }
        }
    ]
}
