{
    "variants": 
	{
        "": 
		[
		{ "model": "minecraft:block/bookshelf_23" },
		{ "model": "minecraft:block/bookshelf_0" },
		{ "model": "minecraft:block/bookshelf_1" },
		{ "model": "minecraft:block/bookshelf_2" },
		{ "model": "minecraft:block/bookshelf_3" },
		{ "model": "minecraft:block/bookshelf_4" },
		{ "model": "minecraft:block/bookshelf_5" },
		{ "model": "minecraft:block/bookshelf_6" },
		{ "model": "minecraft:block/bookshelf_7" },
		{ "model": "minecraft:block/bookshelf_8" },
		{ "model": "minecraft:block/bookshelf_9" },
		{ "model": "minecraft:block/bookshelf_10" },
		{ "model": "minecraft:block/bookshelf_11" },
		{ "model": "minecraft:block/bookshelf_12" },
		{ "model": "minecraft:block/bookshelf_13" },
		{ "model": "minecraft:block/bookshelf_14" },
		{ "model": "minecraft:block/bookshelf_15" },
		{ "model": "minecraft:block/bookshelf_16" },
		{ "model": "minecraft:block/bookshelf_17" },
		{ "model": "minecraft:block/bookshelf_18" },
		{ "model": "minecraft:block/bookshelf_19" },
		{ "model": "minecraft:block/bookshelf_20" },
		{ "model": "minecraft:block/bookshelf_21" },
		{ "model": "minecraft:block/bookshelf_22" }
		]
    }
}
