{
    "multipart": [
        {   "apply": { "model": "minecraft:block/brewing_stand" }},
        {   "when": { "has_bottle_0": "true" },
            "apply": { "model": "minecraft:block/brewing_stand_bottle0" }
        },
        {   "when": { "has_bottle_1": "true" },
            "apply": { "model": "minecraft:block/brewing_stand_bottle1" }
        },
        {   "when": { "has_bottle_2": "true" },
            "apply": { "model": "minecraft:block/brewing_stand_bottle2" }
        },
        {   "when": { "has_bottle_0": "false" },
            "apply": { "model": "minecraft:block/brewing_stand_empty0" }
        },
        {   "when": { "has_bottle_1": "false" },
            "apply": { "model": "minecraft:block/brewing_stand_empty1" }
        },
        {   "when": { "has_bottle_2": "false" },
            "apply": { "model": "minecraft:block/brewing_stand_empty2" }
        }
    ]
}
