{
  "multipart": [
    {
      "apply": [
      {"model": "minecraft:block/pale_moss_carpet"},
      {"model": "minecraft:block/pale_moss_carpet_0"},
      {"model": "minecraft:block/pale_moss_carpet_1"},
      {"model": "minecraft:block/pale_moss_carpet_2"}
      ],
      "when": {
        "bottom": "true"
      }
    },
    {
      "apply": [
      {"model": "minecraft:block/pale_moss_carpet"},
      {"model": "minecraft:block/pale_moss_carpet_0"},
      {"model": "minecraft:block/pale_moss_carpet_1"},
      {"model": "minecraft:block/pale_moss_carpet_2"}
      ],
      "when": {
        "bottom": "false",
        "east": "none",
        "north": "none",
        "south": "none",
        "west": "none"
      }
    },
    {
      "apply": 
      [
        {"model": "minecraft:block/pale_moss_carpet_side_tall"},
        {"model": "minecraft:block/pale_moss_carpet_side_tall_2"}
      ],
      "when": {
        "north": "tall"
      }
    },
    {
      "apply": 
      [
        {"model": "minecraft:block/pale_moss_carpet_side_small"},
        {"model": "minecraft:block/pale_moss_carpet_side_small_2"}
      ],
      "when": {
        "north": "low"
      }
    },
    {
      "apply":  [
        {"model": "minecraft:block/pale_moss_carpet_side_tall"},
        {"model": "minecraft:block/pale_moss_carpet_side_tall_2"}
      ],
      "when": {
        "bottom": "false",
        "east": "none",
        "north": "none",
        "south": "none",
        "west": "none"
      }
    },
    {
      "apply": 
      [
      {"model": "minecraft:block/pale_moss_carpet_side_tall","uvlock": true,"y": 90},
      {"model": "minecraft:block/pale_moss_carpet_side_tall_2","uvlock": true,"y": 90}
      ],
      "when": {
        "east": "tall"
      }
    },
    {
      "apply":   [
      {"model": "minecraft:block/pale_moss_carpet_side_small","uvlock": true,"y": 90},
      {"model": "minecraft:block/pale_moss_carpet_side_small_2","uvlock": true,"y": 90}
      ],
      "when": {
        "east": "low"
      }
    },
    {
      "apply":  [
      {"model": "minecraft:block/pale_moss_carpet_side_tall","uvlock": true,"y": 90},
      {"model": "minecraft:block/pale_moss_carpet_side_tall_2","uvlock": true,"y": 90}
      ],
      "when": {
        "bottom": "false",
        "east": "none",
        "north": "none",
        "south": "none",
        "west": "none"
      }
    },
    {
      "apply": [
      {"model": "minecraft:block/pale_moss_carpet_side_tall","uvlock": true,"y": 180},
      {"model": "minecraft:block/pale_moss_carpet_side_tall_2","uvlock": true,"y": 180}
      ],
      "when": {
        "south": "tall"
      }
    },
    {
      "apply": [
      {"model": "minecraft:block/pale_moss_carpet_side_small","uvlock": true,"y": 180},
      {"model": "minecraft:block/pale_moss_carpet_side_small_2","uvlock": true,"y": 180}
      ],
      "when": {
        "south": "low"
      }
    },
    {
      "apply": [
      {"model": "minecraft:block/pale_moss_carpet_side_tall","uvlock": true,"y": 180},
      {"model": "minecraft:block/pale_moss_carpet_side_tall_2","uvlock": true,"y": 180}
      ],
      "when": {
        "bottom": "false",
        "east": "none",
        "north": "none",
        "south": "none",
        "west": "none"
      }
    },
    {
      "apply": [
      {"model": "minecraft:block/pale_moss_carpet_side_tall","uvlock": true,"y": 270},
      {"model": "minecraft:block/pale_moss_carpet_side_tall_2","uvlock": true,"y": 270}
      ],
      "when": {
        "west": "tall"
      }
    },
    {
      "apply": [
      {"model": "minecraft:block/pale_moss_carpet_side_small","uvlock": true,"y": 270},
      {"model": "minecraft:block/pale_moss_carpet_side_small_2","uvlock": true,"y": 270}
      ],
      "when": {
        "west": "low"
      }
    },
    {
      "apply": [
      {"model": "minecraft:block/pale_moss_carpet_side_tall","uvlock": true,"y": 270},
      {"model": "minecraft:block/pale_moss_carpet_side_tall_2","uvlock": true,"y": 270}
      ],
      "when": {
        "bottom": "false",
        "east": "none",
        "north": "none",
        "south": "none",
        "west": "none"
      }
    }
  ]
}