{
	"format_version": "1.21.6",
	"credit": "Made with Blockbench",
	"texture_size": [32, 32],
	"textures": {
		"0": "item/hat_tail",
		"1": "item/hat_ball",
		"2": "item/hat_frame_1",
		"particle": "item/hat_tail"
	},
	"elements": [
		{
			"from": [3, 2, 3],
			"to": [13, 6, 12],
			"rotation": {"angle": 0, "axis": "y", "origin": [8, 3, 7.5]},
			"faces": {
				"north": {"uv": [5, 0, 10, 2], "texture": "#2"},
				"east": {"uv": [5, 4, 9.5, 6], "texture": "#2"},
				"south": {"uv": [5, 2, 10, 4], "texture": "#2"},
				"west": {"uv": [5, 6, 9.5, 8], "texture": "#2"},
				"up": {"uv": [5, 4.5, 0, 0], "texture": "#2"},
				"down": {"uv": [5, 0, 0, 4.5], "texture": "#2"}
			}
		},
		{
			"from": [4, 4, 4],
			"to": [12, 10, 10],
			"rotation": {"angle": 40, "axis": "x", "origin": [8, 5, 5.5]},
			"faces": {
				"north": {"uv": [1, 0, 5, 3.5], "texture": "#2"},
				"east": {"uv": [4.5, 0, 8, 3.5], "texture": "#2"},
				"south": {"uv": [1, 1, 5, 4.5], "texture": "#2"},
				"west": {"uv": [6.5, 0, 10, 3.5], "texture": "#2"},
				"up": {"uv": [4, 0.5, 8, 4], "texture": "#2"},
				"down": {"uv": [5, 4, 9, 7.5], "texture": "#2"}
			}
		},
		{
			"from": [5, 6.5, 8.5],
			"to": [11, 9.5, 15.5],
			"rotation": {"angle": 40, "axis": "x", "origin": [8, 10, 9.5]},
			"faces": {
				"north": {"uv": [0.5, 2, 3.5, 3.5], "rotation": 180, "texture": "#2"},
				"east": {"uv": [2, 1, 3.5, 4.5], "rotation": 270, "texture": "#2"},
				"south": {"uv": [6, 0.5, 9, 2], "texture": "#2"},
				"west": {"uv": [8.5, 0, 10, 3.5], "rotation": 90, "texture": "#2"},
				"up": {"uv": [5.5, 3, 8.5, 6.5], "rotation": 180, "texture": "#2"},
				"down": {"uv": [3.5, 0, 6.5, 3.5], "texture": "#2"}
			}
		},
		{
			"from": [6, 1.83494, 12.94615],
			"to": [10, 5.83494, 14.94615],
			"rotation": {"angle": -45, "axis": "x", "origin": [8, 3.83494, 13.94615]},
			"faces": {
				"north": {"uv": [0, 0, 2, 2], "rotation": 180, "texture": "#2"},
				"east": {"uv": [0, 0, 1, 2], "rotation": 180, "texture": "#2"},
				"south": {"uv": [0, 0, 2, 2], "rotation": 180, "texture": "#2"},
				"west": {"uv": [0, 0, 1, 2], "rotation": 180, "texture": "#2"},
				"up": {"uv": [0, 0, 2, 1], "texture": "#2"},
				"down": {"uv": [0, 0, 2, 1], "texture": "#2"}
			}
		},
		{
			"from": [4, 0, 2],
			"to": [12, 2, 4],
			"rotation": {"angle": 0, "axis": "y", "origin": [13, 0, 2]},
			"faces": {
				"north": {"uv": [0, 0, 8, 2], "texture": "#0"},
				"east": {"uv": [4, 4, 6, 6], "texture": "#0"},
				"south": {"uv": [0, 0, 8, 2], "texture": "#0"},
				"west": {"uv": [4, 4, 6, 6], "texture": "#0"},
				"up": {"uv": [0, 0, 8, 2], "rotation": 180, "texture": "#0"},
				"down": {"uv": [0, 0, 8, 2], "rotation": 180, "texture": "#0"}
			}
		},
		{
			"from": [12, 0, 2],
			"to": [14, 2, 13],
			"rotation": {"angle": 0, "axis": "y", "origin": [12, 0, 2]},
			"faces": {
				"north": {"uv": [4, 4, 6, 6], "texture": "#0"},
				"east": {"uv": [0, 0, 11, 2], "texture": "#0"},
				"south": {"uv": [4, 4, 6, 6], "texture": "#0"},
				"west": {"uv": [0, 0, 11, 2], "texture": "#0"},
				"up": {"uv": [11, 2, 0, 0], "rotation": 90, "texture": "#0"},
				"down": {"uv": [0, 2, 11, 0], "rotation": 90, "texture": "#0"}
			}
		},
		{
			"from": [2, 0, 2],
			"to": [4, 2, 13],
			"rotation": {"angle": 0, "axis": "y", "origin": [2, 0, 2]},
			"faces": {
				"north": {"uv": [4, 4, 6, 6], "texture": "#0"},
				"east": {"uv": [0, 0, 11, 2], "texture": "#0"},
				"south": {"uv": [4, 4, 6, 6], "texture": "#0"},
				"west": {"uv": [0, 0, 11, 2], "texture": "#0"},
				"up": {"uv": [11, 2, 0, 0], "rotation": 90, "texture": "#0"},
				"down": {"uv": [0, 2, 11, 0], "rotation": 90, "texture": "#0"}
			}
		},
		{
			"from": [4, 0, 11],
			"to": [12, 2, 13],
			"rotation": {"angle": 0, "axis": "y", "origin": [13, 0, 11]},
			"faces": {
				"north": {"uv": [0, 0, 8, 2], "texture": "#0"},
				"east": {"uv": [4, 4, 6, 6], "texture": "#0"},
				"south": {"uv": [0, 0, 8, 2], "texture": "#0"},
				"west": {"uv": [4, 4, 6, 6], "texture": "#0"},
				"up": {"uv": [0, 0, 8, 2], "texture": "#0"},
				"down": {"uv": [0, 0, 8, 2], "rotation": 180, "texture": "#0"}
			}
		},
		{
			"from": [5.95, -1, 15],
			"to": [10.05, 3, 19],
			"rotation": {"angle": 0, "axis": "y", "origin": [8, 1, 17]},
			"faces": {
				"north": {"uv": [0, 0, 4, 4], "texture": "#1"},
				"east": {"uv": [0, 4, 4, 8], "texture": "#1"},
				"south": {"uv": [4, 0, 8, 4], "texture": "#1"},
				"west": {"uv": [4, 4, 8, 8], "texture": "#1"},
				"up": {"uv": [4, 12, 0, 8], "texture": "#1"},
				"down": {"uv": [12, 0, 8, 4], "texture": "#1"}
			}
		}
	],
	"display": {
		"thirdperson_righthand": {
			"translation": [0, 2.5, 0],
			"scale": [0.4, 0.4, 0.4]
		},
		"thirdperson_lefthand": {
			"translation": [0, 2.5, 0],
			"scale": [0.4, 0.4, 0.4]
		},
		"firstperson_righthand": {
			"translation": [0, 4.75, 1.5],
			"scale": [0.4, 0.4, 0.4]
		},
		"firstperson_lefthand": {
			"translation": [0, 4.75, 1.5],
			"scale": [0.4, 0.4, 0.4]
		},
		"ground": {
			"translation": [0, 1.5, 0],
			"scale": [0.4, 0.4, 0.4]
		},
		"gui": {
			"rotation": [32, 132, 0],
			"translation": [0, 3.25, 0],
			"scale": [0.7, 0.7, 0.7]
		},
		"head": {
			"rotation": [8, 0, 0],
			"translation": [0, 11.25, 1.75],
			"scale": [1.5, 1.5, 1.5]
		}
	},
	"groups": [
		0,
		1,
		2,
		3,
		{
			"name": "group",
			"origin": [1, 0, 1],
			"color": 0,
			"children": [4, 5, 6, 7]
		},
		8
	]
}