{
	"format_version": "1.21.6",
	"credit": "Made with Blockbench",
	"texture_size": [32, 32],
	"textures": {
		"1": "item/blackbackground",
		"2": "item/phone",
		"3": "item/face",
		"particle": "item/face"
	},
	"elements": [
		{
			"from": [5, 4, 6.499],
			"to": [12, 11, 8.499],
			"rotation": {"angle": 0, "axis": "y", "origin": [6, 4, 6]},
			"faces": {
				"north": {"uv": [0, 0, 7, 7], "texture": "#1"},
				"east": {"uv": [7, 0, 9, 7], "texture": "#1"},
				"south": {"uv": [0, 7, 7, 14], "texture": "#1"},
				"west": {"uv": [7, 7, 9, 14], "texture": "#1"},
				"up": {"uv": [16, 2, 9, 0], "texture": "#1"},
				"down": {"uv": [16, 2, 9, 4], "texture": "#1"}
			}
		},
		{
			"from": [6, 5, 7.5],
			"to": [11, 10, 8.5],
			"rotation": {"angle": 0, "axis": "y", "origin": [6, 5, 8]},
			"faces": {
				"north": {"uv": [0, 0, 4, 4], "texture": "#3"},
				"east": {"uv": [0, 0, 0.5, 4], "texture": "#3"},
				"south": {"uv": [0, 0, 12.5, 12.5], "texture": "#3"},
				"west": {"uv": [0, 0, 0.5, 4], "texture": "#3"},
				"up": {"uv": [0, 0, 4, 0.5], "texture": "#3"},
				"down": {"uv": [0, 0, 4, 0.5], "texture": "#3"}
			}
		},
		{
			"from": [4, 4, 5],
			"to": [5, 11, 9],
			"rotation": {"angle": 0, "axis": "y", "origin": [4, 6, 7]},
			"faces": {
				"north": {"uv": [8.5, 9, 9, 12.5], "texture": "#2"},
				"east": {"uv": [6.5, 9, 8.5, 12.5], "texture": "#2"},
				"south": {"uv": [4, 10, 4.5, 13.5], "texture": "#2"},
				"west": {"uv": [9, 8, 11, 11.5], "texture": "#2"},
				"up": {"uv": [8.5, 6, 8, 4], "texture": "#2"},
				"down": {"uv": [9, 4, 8.5, 6], "texture": "#2"}
			}
		},
		{
			"from": [12, 4, 5],
			"to": [13, 11, 9],
			"rotation": {"angle": 0, "axis": "y", "origin": [12, 6, 7]},
			"faces": {
				"north": {"uv": [11, 8, 11.5, 11.5], "texture": "#2"},
				"east": {"uv": [0, 10, 2, 13.5], "texture": "#2"},
				"south": {"uv": [11.5, 8, 12, 11.5], "texture": "#2"},
				"west": {"uv": [2, 10, 4, 13.5], "texture": "#2"},
				"up": {"uv": [12.5, 10.5, 12, 8.5], "texture": "#2"},
				"down": {"uv": [10.5, 12, 10, 14], "texture": "#2"}
			}
		},
		{
			"from": [4, -4, 5],
			"to": [13, 4, 9],
			"rotation": {"angle": 0, "axis": "y", "origin": [12, -1, 7]},
			"faces": {
				"north": {"uv": [0, 0, 4.5, 4], "texture": "#2"},
				"east": {"uv": [9, 4, 11, 8], "texture": "#2"},
				"south": {"uv": [0, 4, 4.5, 8], "texture": "#2"},
				"west": {"uv": [4.5, 9, 6.5, 13], "rotation": 180, "texture": "#2"},
				"up": {"uv": [9, 9, 4.5, 7], "texture": "#2"},
				"down": {"uv": [4.5, 8, 0, 10], "texture": "#2"}
			}
		},
		{
			"from": [5, 4, 5],
			"to": [12, 11, 6],
			"rotation": {"angle": 0, "axis": "y", "origin": [12, 6, 7]},
			"faces": {
				"north": {"uv": [4.5, 0, 8, 3.5], "texture": "#2"},
				"east": {"uv": [9, 11.5, 9.5, 15], "texture": "#2"},
				"south": {"uv": [4.5, 3.5, 8, 7], "texture": "#2"},
				"west": {"uv": [9.5, 11.5, 10, 15], "texture": "#2"},
				"up": {"uv": [13.5, 12, 10, 11.5], "texture": "#2"},
				"down": {"uv": [15.5, 8, 12, 8.5], "texture": "#2"}
			}
		},
		{
			"from": [4, 11, 5],
			"to": [13, 13, 9],
			"rotation": {"angle": 0, "axis": "y", "origin": [12, 13, 7]},
			"faces": {
				"north": {"uv": [11, 4, 15.5, 5], "texture": "#2"},
				"east": {"uv": [11, 6, 13, 7], "texture": "#2"},
				"south": {"uv": [11, 5, 15.5, 6], "texture": "#2"},
				"west": {"uv": [11, 7, 13, 8], "texture": "#2"},
				"up": {"uv": [12.5, 2, 8, 0], "texture": "#2"},
				"down": {"uv": [12.5, 2, 8, 4], "texture": "#2"}
			}
		}
	],
	"display": {
		"thirdperson_righthand": {
			"translation": [0, 2.5, 0],
			"scale": [0, 0, 0]
		},
		"thirdperson_lefthand": {
			"translation": [0, 2.5, 0],
			"scale": [0, 0, 0]
		},
		"firstperson_righthand": {
			"rotation": [-4, -43, -3],
			"translation": [0, 5.5, 1.25],
			"scale": [0.4, 0.4, 0.4]
		},
		"firstperson_lefthand": {
			"rotation": [-4, -43, -3],
			"translation": [0, 5.5, 1.25],
			"scale": [0.4, 0.4, 0.4]
		},
		"ground": {
			"translation": [0, 1.5, 0],
			"scale": [0.4, 0.4, 0.4]
		},
		"gui": {
			"rotation": [-1, -8, 0],
			"translation": [0, 3, 0],
			"scale": [0.7, 0.7, 0.7]
		},
		"head": {
			"rotation": [8, 0, 0],
			"translation": [0, 11.25, 1.75],
			"scale": [1.5, 1.5, 1.5]
		},
		"fixed": {
			"rotation": [0, 180, 0],
			"translation": [0.25, 3.75, 0]
		}
	},
	"groups": [
		{
			"name": "group",
			"origin": [6, 4, 6],
			"color": 0,
			"children": [0, 1]
		},
		{
			"name": "group",
			"origin": [4, 6, 7],
			"color": 0,
			"children": [2, 3, 4, 5, 6]
		}
	]
}