{
	"textures": {
		"0": "animated_java:blueprint/blueprint/texture",
		"particle": "minecraft:item/pufferfish"
	},
	"display": {
		"head": {
			"rotation": [0, 180, 0]
		}
	},
	"elements": [
		{
			"from": [7, 8, 7],
			"to": [15, 20, 15],
			"rotation": {
				"angle": 0,
				"axis": "y",
				"origin": [8, 8, 8]
			},
			"faces": {
				"north": {
					"uv": [0, 0, 4, 11.29412],
					"texture": "#0"
				},
				"east": {
					"uv": [4, 0, 8, 11.29412],
					"texture": "#0"
				},
				"south": {
					"uv": [0, 11.29412, 4, 22.58824],
					"texture": "#0"
				},
				"west": {
					"uv": [4, 11.29412, 8, 22.58824],
					"texture": "#0"
				},
				"up": {
					"uv": [12, 7.52941, 8, 0],
					"texture": "#0"
				},
				"down": {
					"uv": [12, 7.52941, 8, 15.05882],
					"texture": "#0"
				}
			}
		}
	]
}