{
	"textures": {
		"2": "animated_java:blueprint/blueprint/jam",
		"particle": "minecraft:item/pufferfish"
	},
	"display": {
		"head": {
			"rotation": [0, 180, 0]
		}
	},
	"elements": [
		{
			"from": [7, 8, 7],
			"to": [15, 20, 15],
			"rotation": {
				"angle": 0,
				"axis": "y",
				"origin": [8, 8, 8]
			},
			"faces": {
				"north": {
					"uv": [0, 0, 2, 3],
					"texture": "#2"
				},
				"east": {
					"uv": [2, 0, 4, 3],
					"texture": "#2"
				},
				"south": {
					"uv": [0, 3, 2, 6],
					"texture": "#2"
				},
				"west": {
					"uv": [2, 3, 4, 6],
					"texture": "#2"
				},
				"up": {
					"uv": [8, 4, 6, 2],
					"texture": "#2"
				},
				"down": {
					"uv": [6, 6, 4, 8],
					"texture": "#2"
				}
			}
		}
	]
}