{
	"textures": {
		"1": "animated_java:blueprint/blueprint/body",
		"particle": "minecraft:item/pufferfish"
	},
	"display": {
		"head": {
			"rotation": [0, 180, 0]
		}
	},
	"elements": [
		{
			"from": [6, 6.45776, 6.80133],
			"to": [10, 10.45776, 11.80133],
			"rotation": {
				"angle": -22.5,
				"axis": "x",
				"origin": [3.5, 4.95776, 9.80133]
			},
			"faces": {
				"north": {
					"uv": [6.5, 7, 8.5, 9],
					"texture": "#1"
				},
				"east": {
					"uv": [5.5, 5, 8, 7],
					"texture": "#1"
				},
				"south": {
					"uv": [0, 8, 2, 10],
					"texture": "#1"
				},
				"west": {
					"uv": [0, 6, 2.5, 8],
					"texture": "#1"
				},
				"up": {
					"uv": [4.5, 8.5, 2.5, 6],
					"texture": "#1"
				},
				"down": {
					"uv": [6.5, 7, 4.5, 9.5],
					"texture": "#1"
				}
			}
		}
	]
}