{
	"textures": {
		"1": "animated_java:blueprint/blueprint/chat2",
		"2": "animated_java:blueprint/blueprint/chating",
		"particle": "minecraft:item/pufferfish"
	},
	"display": {
		"head": {
			"rotation": [0, 180, 0]
		}
	},
	"elements": [
		{
			"from": [9.75, 5.25, 8],
			"to": [11.75, 7.25, 8],
			"rotation": {
				"angle": 0,
				"axis": "y",
				"origin": [10.75, 6.25, 8]
			},
			"faces": {
				"north": {
					"uv": [0, 0, 2, 3.76471],
					"texture": "#1"
				},
				"east": {
					"uv": [0, 0, 0, 3.76471],
					"texture": "#1"
				},
				"south": {
					"uv": [0, 3.76471, 2, 7.52941],
					"texture": "#1"
				},
				"west": {
					"uv": [0, 0, 0, 3.76471],
					"texture": "#1"
				},
				"up": {
					"uv": [2, 0, 0, 0],
					"texture": "#1"
				},
				"down": {
					"uv": [2, 0, 0, 0],
					"texture": "#1"
				}
			}
		},
		{
			"from": [0.75, 7.25, 8],
			"to": [9.75, 12.25, 8],
			"rotation": {
				"angle": 0,
				"axis": "y",
				"origin": [5.25, 9.75, 8]
			},
			"faces": {
				"north": {
					"uv": [0, 0, 16, 16],
					"texture": "#2"
				},
				"east": {
					"uv": [0, 0, 0, 4.70588],
					"texture": "#2"
				},
				"south": {
					"uv": [0, 0, 16, 16],
					"texture": "#2"
				},
				"west": {
					"uv": [0, 0, 0, 4.70588],
					"texture": "#2"
				},
				"up": {
					"uv": [0, 0, 4.5, 0],
					"texture": "#2"
				},
				"down": {
					"uv": [0, 0, 4.5, 0],
					"texture": "#2"
				}
			}
		}
	]
}