{
	"textures": {
		"2": "animated_java:blueprint/blueprint/jam",
		"particle": "minecraft:item/pufferfish"
	},
	"display": {
		"head": {
			"rotation": [0, 180, 0]
		}
	},
	"elements": [
		{
			"from": [10.5, 9.5, 5],
			"to": [14.5, 13.5, 10],
			"rotation": {
				"angle": -22.5,
				"axis": "x",
				"origin": [8, 8, 8]
			},
			"faces": {
				"north": {
					"uv": [6, 8, 7, 9],
					"texture": "#2"
				},
				"east": {
					"uv": [2.75, 8, 4, 9],
					"texture": "#2"
				},
				"south": {
					"uv": [7, 8, 8, 9],
					"texture": "#2"
				},
				"west": {
					"uv": [8, 2.75, 9.25, 3.75],
					"texture": "#2"
				},
				"up": {
					"uv": [5, 9.25, 4, 8],
					"texture": "#2"
				},
				"down": {
					"uv": [6, 8, 5, 9.25],
					"texture": "#2"
				}
			}
		}
	]
}