{
	"textures": {
		"2": "animated_java:blueprint/blueprint/jam",
		"particle": "minecraft:item/pufferfish"
	},
	"display": {
		"head": {
			"rotation": [0, 180, 0]
		}
	},
	"elements": [
		{
			"from": [9.5, 8.5, 5],
			"to": [15.5, 14.5, 10],
			"rotation": {
				"angle": 0,
				"axis": "y",
				"origin": [8, 8, 8]
			},
			"faces": {
				"north": {
					"uv": [6, 6.5, 7.5, 8],
					"texture": "#2"
				},
				"east": {
					"uv": [0, 8, 1.25, 9.5],
					"texture": "#2"
				},
				"south": {
					"uv": [7.5, 6.5, 9, 8],
					"texture": "#2"
				},
				"west": {
					"uv": [8, 0, 9.25, 1.5],
					"texture": "#2"
				},
				"up": {
					"uv": [2.75, 9.25, 1.25, 8],
					"texture": "#2"
				},
				"down": {
					"uv": [9.5, 1.5, 8, 2.75],
					"texture": "#2"
				}
			}
		}
	]
}