{
	"textures": {
		"1": "animated_java:blueprint/blueprint/body",
		"particle": "minecraft:item/pufferfish"
	},
	"display": {
		"head": {
			"rotation": [0, 180, 0]
		}
	},
	"elements": [
		{
			"from": [5, 5, 5.5],
			"to": [11, 11, 10.5],
			"rotation": {
				"angle": 0,
				"axis": "y",
				"origin": [3.5, 4.5, 8.5]
			},
			"faces": {
				"north": {
					"uv": [0, 0, 3, 3],
					"texture": "#1"
				},
				"east": {
					"uv": [3, 0, 5.5, 3],
					"texture": "#1"
				},
				"south": {
					"uv": [0, 3, 3, 6],
					"texture": "#1"
				},
				"west": {
					"uv": [3, 3, 5.5, 6],
					"texture": "#1"
				},
				"up": {
					"uv": [8.5, 2.5, 5.5, 0],
					"texture": "#1"
				},
				"down": {
					"uv": [8.5, 2.5, 5.5, 5],
					"texture": "#1"
				}
			}
		}
	]
}