{
	"textures": {
		"2": "animated_java:blueprint/blueprint/jeonb",
		"particle": "minecraft:item/pufferfish"
	},
	"display": {
		"head": {
			"rotation": [0, 180, 0]
		}
	},
	"elements": [
		{
			"from": [7.5, -6.50528, 8.66267],
			"to": [8.5, 4.49472, 9.66267],
			"rotation": {
				"angle": 0,
				"axis": "y",
				"origin": [7.5, -6.50528, 8.66267]
			},
			"faces": {
				"north": {
					"uv": [2, 8, 2.5, 13.5],
					"texture": "#2"
				},
				"east": {
					"uv": [8.5, 0, 9, 5.5],
					"texture": "#2"
				},
				"south": {
					"uv": [2.5, 8.5, 3, 14],
					"texture": "#2"
				},
				"west": {
					"uv": [3, 8.5, 3.5, 14],
					"texture": "#2"
				},
				"up": {
					"uv": [8.5, 5.5, 8, 5],
					"texture": "#2"
				},
				"down": {
					"uv": [10, 0.5, 9.5, 1],
					"texture": "#2"
				}
			}
		},
		{
			"from": [7.5, 4.49472, 8.66267],
			"to": [8.5, 6.49472, 9.66267],
			"rotation": {
				"angle": 0,
				"axis": "y",
				"origin": [7.5, 4.49472, 8.66267]
			},
			"faces": {
				"north": {
					"uv": [4.5, 6, 5, 7],
					"texture": "#2"
				},
				"east": {
					"uv": [5, 6, 5.5, 7],
					"texture": "#2"
				},
				"south": {
					"uv": [8.5, 9, 9, 10],
					"texture": "#2"
				},
				"west": {
					"uv": [9, 9, 9.5, 10],
					"texture": "#2"
				},
				"up": {
					"uv": [10, 1.5, 9.5, 1],
					"texture": "#2"
				},
				"down": {
					"uv": [10, 1.5, 9.5, 2],
					"texture": "#2"
				}
			}
		},
		{
			"from": [4.5, 6.49472, 8.66267],
			"to": [11.5, 7.49472, 9.66267],
			"rotation": {
				"angle": 0,
				"axis": "y",
				"origin": [7.5, 6.49472, 8.66267]
			},
			"faces": {
				"north": {
					"uv": [8, 5.5, 11.5, 6],
					"texture": "#2"
				},
				"east": {
					"uv": [9.5, 2, 10, 2.5],
					"texture": "#2"
				},
				"south": {
					"uv": [8, 6, 11.5, 6.5],
					"texture": "#2"
				},
				"west": {
					"uv": [9.5, 2.5, 10, 3],
					"texture": "#2"
				},
				"up": {
					"uv": [11.5, 7, 8, 6.5],
					"texture": "#2"
				},
				"down": {
					"uv": [12, 7, 8.5, 7.5],
					"texture": "#2"
				}
			}
		},
		{
			"from": [4.5, 7.49472, 8.66267],
			"to": [5.5, 12.49472, 9.66267],
			"rotation": {
				"angle": 0,
				"axis": "y",
				"origin": [7.5, 7.49472, 8.66267]
			},
			"faces": {
				"north": {
					"uv": [3.5, 8.5, 4, 11],
					"texture": "#2"
				},
				"east": {
					"uv": [4, 8.5, 4.5, 11],
					"texture": "#2"
				},
				"south": {
					"uv": [9, 0.5, 9.5, 3],
					"texture": "#2"
				},
				"west": {
					"uv": [9, 3, 9.5, 5.5],
					"texture": "#2"
				},
				"up": {
					"uv": [10, 3.5, 9.5, 3],
					"texture": "#2"
				},
				"down": {
					"uv": [10, 3.5, 9.5, 4],
					"texture": "#2"
				}
			}
		},
		{
			"from": [10.5, 7.49472, 8.66267],
			"to": [11.5, 12.49472, 9.66267],
			"rotation": {
				"angle": 0,
				"axis": "y",
				"origin": [13.5, 7.49472, 8.66267]
			},
			"faces": {
				"north": {
					"uv": [6.5, 9, 7, 11.5],
					"texture": "#2"
				},
				"east": {
					"uv": [7, 9, 7.5, 11.5],
					"texture": "#2"
				},
				"south": {
					"uv": [7.5, 9, 8, 11.5],
					"texture": "#2"
				},
				"west": {
					"uv": [8, 9, 8.5, 11.5],
					"texture": "#2"
				},
				"up": {
					"uv": [10, 4.5, 9.5, 4],
					"texture": "#2"
				},
				"down": {
					"uv": [5, 9.5, 4.5, 10],
					"texture": "#2"
				}
			}
		},
		{
			"from": [4.5, 12.49472, 8.66267],
			"to": [11.5, 13.49472, 9.66267],
			"rotation": {
				"angle": 0,
				"axis": "y",
				"origin": [7.5, 12.49472, 8.66267]
			},
			"faces": {
				"north": {
					"uv": [8.5, 7.5, 12, 8],
					"texture": "#2"
				},
				"east": {
					"uv": [9.5, 4.5, 10, 5],
					"texture": "#2"
				},
				"south": {
					"uv": [8.5, 8, 12, 8.5],
					"texture": "#2"
				},
				"west": {
					"uv": [5, 9.5, 5.5, 10],
					"texture": "#2"
				},
				"up": {
					"uv": [12, 9, 8.5, 8.5],
					"texture": "#2"
				},
				"down": {
					"uv": [12.5, 0, 9, 0.5],
					"texture": "#2"
				}
			}
		},
		{
			"from": [5, 6.99472, 3.66267],
			"to": [11, 12.99472, 8.66267],
			"rotation": {
				"angle": 0,
				"axis": "y",
				"origin": [3.5, 6.49472, 6.66267]
			},
			"faces": {
				"north": {
					"uv": [0, 0, 3, 3],
					"texture": "#2"
				},
				"east": {
					"uv": [3, 0, 5.5, 3],
					"texture": "#2"
				},
				"south": {
					"uv": [0, 3, 3, 6],
					"texture": "#2"
				},
				"west": {
					"uv": [3, 3, 5.5, 6],
					"texture": "#2"
				},
				"up": {
					"uv": [8.5, 2.5, 5.5, 0],
					"texture": "#2"
				},
				"down": {
					"uv": [8.5, 2.5, 5.5, 5],
					"texture": "#2"
				}
			}
		},
		{
			"from": [6, 7.99472, 1.66267],
			"to": [10, 11.99472, 6.66267],
			"rotation": {
				"angle": -22.5,
				"axis": "x",
				"origin": [3.5, 6.49472, 4.66267]
			},
			"faces": {
				"north": {
					"uv": [6.5, 7, 8.5, 9],
					"texture": "#2"
				},
				"east": {
					"uv": [5.5, 5, 8, 7],
					"texture": "#2"
				},
				"south": {
					"uv": [0, 8, 2, 10],
					"texture": "#2"
				},
				"west": {
					"uv": [0, 6, 2.5, 8],
					"texture": "#2"
				},
				"up": {
					"uv": [4.5, 8.5, 2.5, 6],
					"texture": "#2"
				},
				"down": {
					"uv": [6.5, 7, 4.5, 9.5],
					"texture": "#2"
				}
			}
		}
	]
}