{
	"textures": {
		"2": "animated_java:blueprint/blueprint/jam",
		"particle": "minecraft:item/pufferfish"
	},
	"display": {
		"head": {
			"rotation": [0, 180, 0]
		}
	},
	"elements": [
		{
			"from": [8, 8, 8],
			"to": [9, 19, 9],
			"rotation": {
				"angle": 0,
				"axis": "y",
				"origin": [8, 8, 8]
			},
			"faces": {
				"north": {
					"uv": [8, 8, 8.25, 10.75],
					"texture": "#2"
				},
				"east": {
					"uv": [8.25, 3.75, 8.5, 6.5],
					"texture": "#2"
				},
				"south": {
					"uv": [8.25, 8, 8.5, 10.75],
					"texture": "#2"
				},
				"west": {
					"uv": [8.5, 3.75, 8.75, 6.5],
					"texture": "#2"
				},
				"up": {
					"uv": [8.25, 4, 8, 3.75],
					"texture": "#2"
				},
				"down": {
					"uv": [9, 6.25, 8.75, 6.5],
					"texture": "#2"
				}
			}
		},
		{
			"from": [8, 19, 8],
			"to": [9, 21, 9],
			"rotation": {
				"angle": 0,
				"axis": "y",
				"origin": [8, 19, 8]
			},
			"faces": {
				"north": {
					"uv": [6, 9, 6.25, 9.5],
					"texture": "#2"
				},
				"east": {
					"uv": [9, 6, 9.25, 6.5],
					"texture": "#2"
				},
				"south": {
					"uv": [6.25, 9, 6.5, 9.5],
					"texture": "#2"
				},
				"west": {
					"uv": [6.5, 9, 6.75, 9.5],
					"texture": "#2"
				},
				"up": {
					"uv": [9.25, 6.75, 9, 6.5],
					"texture": "#2"
				},
				"down": {
					"uv": [7, 9, 6.75, 9.25],
					"texture": "#2"
				}
			}
		},
		{
			"from": [5, 21, 8],
			"to": [12, 22, 9],
			"rotation": {
				"angle": 0,
				"axis": "y",
				"origin": [8, 21, 8]
			},
			"faces": {
				"north": {
					"uv": [8.5, 8, 10.25, 8.25],
					"texture": "#2"
				},
				"east": {
					"uv": [9, 6.75, 9.25, 7],
					"texture": "#2"
				},
				"south": {
					"uv": [8.5, 8.25, 10.25, 8.5],
					"texture": "#2"
				},
				"west": {
					"uv": [7, 9, 7.25, 9.25],
					"texture": "#2"
				},
				"up": {
					"uv": [10.25, 8.75, 8.5, 8.5],
					"texture": "#2"
				},
				"down": {
					"uv": [10.5, 3.75, 8.75, 4],
					"texture": "#2"
				}
			}
		},
		{
			"from": [5, 22, 8],
			"to": [6, 27, 9],
			"rotation": {
				"angle": 0,
				"axis": "y",
				"origin": [8, 22, 8]
			},
			"faces": {
				"north": {
					"uv": [8.75, 5, 9, 6.25],
					"texture": "#2"
				},
				"east": {
					"uv": [8.5, 8.75, 8.75, 10],
					"texture": "#2"
				},
				"south": {
					"uv": [8.75, 8.75, 9, 10],
					"texture": "#2"
				},
				"west": {
					"uv": [2.75, 9, 3, 10.25],
					"texture": "#2"
				},
				"up": {
					"uv": [9.25, 7.25, 9, 7],
					"texture": "#2"
				},
				"down": {
					"uv": [7.5, 9, 7.25, 9.25],
					"texture": "#2"
				}
			}
		},
		{
			"from": [11, 22, 8],
			"to": [12, 27, 9],
			"rotation": {
				"angle": 0,
				"axis": "y",
				"origin": [14, 22, 8]
			},
			"faces": {
				"north": {
					"uv": [3, 9, 3.25, 10.25],
					"texture": "#2"
				},
				"east": {
					"uv": [3.25, 9, 3.5, 10.25],
					"texture": "#2"
				},
				"south": {
					"uv": [3.5, 9, 3.75, 10.25],
					"texture": "#2"
				},
				"west": {
					"uv": [3.75, 9, 4, 10.25],
					"texture": "#2"
				},
				"up": {
					"uv": [9.25, 7.5, 9, 7.25],
					"texture": "#2"
				},
				"down": {
					"uv": [7.75, 9, 7.5, 9.25],
					"texture": "#2"
				}
			}
		},
		{
			"from": [5, 27, 8],
			"to": [12, 28, 9],
			"rotation": {
				"angle": 0,
				"axis": "y",
				"origin": [8, 27, 8]
			},
			"faces": {
				"north": {
					"uv": [8.75, 4, 10.5, 4.25],
					"texture": "#2"
				},
				"east": {
					"uv": [9, 7.5, 9.25, 7.75],
					"texture": "#2"
				},
				"south": {
					"uv": [8.75, 4.25, 10.5, 4.5],
					"texture": "#2"
				},
				"west": {
					"uv": [7.75, 9, 8, 9.25],
					"texture": "#2"
				},
				"up": {
					"uv": [10.5, 4.75, 8.75, 4.5],
					"texture": "#2"
				},
				"down": {
					"uv": [10.5, 4.75, 8.75, 5],
					"texture": "#2"
				}
			}
		}
	]
}