{
	"textures": {
		"1": "animated_java:blueprint/blueprint/body",
		"particle": "minecraft:item/pufferfish"
	},
	"display": {
		"head": {
			"rotation": [0, 180, 0]
		}
	},
	"elements": [
		{
			"from": [8, 8, 8],
			"to": [9, 19, 9],
			"rotation": {
				"angle": 0,
				"axis": "y",
				"origin": [8, 8, 8]
			},
			"faces": {
				"north": {
					"uv": [2, 8, 2.5, 13.5],
					"texture": "#1"
				},
				"east": {
					"uv": [8.5, 0, 9, 5.5],
					"texture": "#1"
				},
				"south": {
					"uv": [2.5, 8.5, 3, 14],
					"texture": "#1"
				},
				"west": {
					"uv": [3, 8.5, 3.5, 14],
					"texture": "#1"
				},
				"up": {
					"uv": [8.5, 5.5, 8, 5],
					"texture": "#1"
				},
				"down": {
					"uv": [10, 0.5, 9.5, 1],
					"texture": "#1"
				}
			}
		},
		{
			"from": [8, 19, 8],
			"to": [9, 21, 9],
			"rotation": {
				"angle": 0,
				"axis": "y",
				"origin": [8, 19, 8]
			},
			"faces": {
				"north": {
					"uv": [4.5, 6, 5, 7],
					"texture": "#1"
				},
				"east": {
					"uv": [5, 6, 5.5, 7],
					"texture": "#1"
				},
				"south": {
					"uv": [8.5, 9, 9, 10],
					"texture": "#1"
				},
				"west": {
					"uv": [9, 9, 9.5, 10],
					"texture": "#1"
				},
				"up": {
					"uv": [10, 1.5, 9.5, 1],
					"texture": "#1"
				},
				"down": {
					"uv": [10, 1.5, 9.5, 2],
					"texture": "#1"
				}
			}
		},
		{
			"from": [5, 21, 8],
			"to": [12, 22, 9],
			"rotation": {
				"angle": 0,
				"axis": "y",
				"origin": [8, 21, 8]
			},
			"faces": {
				"north": {
					"uv": [8, 5.5, 11.5, 6],
					"texture": "#1"
				},
				"east": {
					"uv": [9.5, 2, 10, 2.5],
					"texture": "#1"
				},
				"south": {
					"uv": [8, 6, 11.5, 6.5],
					"texture": "#1"
				},
				"west": {
					"uv": [9.5, 2.5, 10, 3],
					"texture": "#1"
				},
				"up": {
					"uv": [11.5, 7, 8, 6.5],
					"texture": "#1"
				},
				"down": {
					"uv": [12, 7, 8.5, 7.5],
					"texture": "#1"
				}
			}
		},
		{
			"from": [5, 22, 8],
			"to": [6, 27, 9],
			"rotation": {
				"angle": 0,
				"axis": "y",
				"origin": [8, 22, 8]
			},
			"faces": {
				"north": {
					"uv": [3.5, 8.5, 4, 11],
					"texture": "#1"
				},
				"east": {
					"uv": [4, 8.5, 4.5, 11],
					"texture": "#1"
				},
				"south": {
					"uv": [9, 0.5, 9.5, 3],
					"texture": "#1"
				},
				"west": {
					"uv": [9, 3, 9.5, 5.5],
					"texture": "#1"
				},
				"up": {
					"uv": [10, 3.5, 9.5, 3],
					"texture": "#1"
				},
				"down": {
					"uv": [10, 3.5, 9.5, 4],
					"texture": "#1"
				}
			}
		},
		{
			"from": [11, 22, 8],
			"to": [12, 27, 9],
			"rotation": {
				"angle": 0,
				"axis": "y",
				"origin": [14, 22, 8]
			},
			"faces": {
				"north": {
					"uv": [6.5, 9, 7, 11.5],
					"texture": "#1"
				},
				"east": {
					"uv": [7, 9, 7.5, 11.5],
					"texture": "#1"
				},
				"south": {
					"uv": [7.5, 9, 8, 11.5],
					"texture": "#1"
				},
				"west": {
					"uv": [8, 9, 8.5, 11.5],
					"texture": "#1"
				},
				"up": {
					"uv": [10, 4.5, 9.5, 4],
					"texture": "#1"
				},
				"down": {
					"uv": [5, 9.5, 4.5, 10],
					"texture": "#1"
				}
			}
		},
		{
			"from": [5, 27, 8],
			"to": [12, 28, 9],
			"rotation": {
				"angle": 0,
				"axis": "y",
				"origin": [8, 27, 8]
			},
			"faces": {
				"north": {
					"uv": [8.5, 7.5, 12, 8],
					"texture": "#1"
				},
				"east": {
					"uv": [9.5, 4.5, 10, 5],
					"texture": "#1"
				},
				"south": {
					"uv": [8.5, 8, 12, 8.5],
					"texture": "#1"
				},
				"west": {
					"uv": [5, 9.5, 5.5, 10],
					"texture": "#1"
				},
				"up": {
					"uv": [12, 9, 8.5, 8.5],
					"texture": "#1"
				},
				"down": {
					"uv": [12.5, 0, 9, 0.5],
					"texture": "#1"
				}
			}
		}
	]
}