{
	"textures": {
		"1": "animated_java:blueprint/blueprint/jeon",
		"particle": "minecraft:item/pufferfish"
	},
	"display": {
		"head": {
			"rotation": [0, 180, 0]
		}
	},
	"elements": [
		{
			"from": [7.36317, 7.62608, 7.76754],
			"to": [8.36317, 18.62608, 8.76754],
			"rotation": {
				"angle": 0,
				"axis": "y",
				"origin": [7.36317, 7.62608, 7.76754]
			},
			"faces": {
				"north": {
					"uv": [2, 8, 2.5, 13.5],
					"texture": "#1"
				},
				"east": {
					"uv": [8.5, 0, 9, 5.5],
					"texture": "#1"
				},
				"south": {
					"uv": [2.5, 8.5, 3, 14],
					"texture": "#1"
				},
				"west": {
					"uv": [3, 8.5, 3.5, 14],
					"texture": "#1"
				},
				"up": {
					"uv": [8.5, 5.5, 8, 5],
					"texture": "#1"
				},
				"down": {
					"uv": [10, 0.5, 9.5, 1],
					"texture": "#1"
				}
			}
		},
		{
			"from": [7.36317, 18.62608, 7.76754],
			"to": [8.36317, 20.62608, 8.76754],
			"rotation": {
				"angle": 0,
				"axis": "y",
				"origin": [7.36317, 18.62608, 7.76754]
			},
			"faces": {
				"north": {
					"uv": [4.5, 6, 5, 7],
					"texture": "#1"
				},
				"east": {
					"uv": [5, 6, 5.5, 7],
					"texture": "#1"
				},
				"south": {
					"uv": [8.5, 9, 9, 10],
					"texture": "#1"
				},
				"west": {
					"uv": [9, 9, 9.5, 10],
					"texture": "#1"
				},
				"up": {
					"uv": [10, 1.5, 9.5, 1],
					"texture": "#1"
				},
				"down": {
					"uv": [10, 1.5, 9.5, 2],
					"texture": "#1"
				}
			}
		},
		{
			"from": [4.36317, 20.62608, 7.76754],
			"to": [11.36317, 21.62608, 8.76754],
			"rotation": {
				"angle": 0,
				"axis": "y",
				"origin": [7.36317, 20.62608, 7.76754]
			},
			"faces": {
				"north": {
					"uv": [8, 5.5, 11.5, 6],
					"texture": "#1"
				},
				"east": {
					"uv": [9.5, 2, 10, 2.5],
					"texture": "#1"
				},
				"south": {
					"uv": [8, 6, 11.5, 6.5],
					"texture": "#1"
				},
				"west": {
					"uv": [9.5, 2.5, 10, 3],
					"texture": "#1"
				},
				"up": {
					"uv": [11.5, 7, 8, 6.5],
					"texture": "#1"
				},
				"down": {
					"uv": [12, 7, 8.5, 7.5],
					"texture": "#1"
				}
			}
		},
		{
			"from": [4.36317, 21.62608, 7.76754],
			"to": [5.36317, 26.62608, 8.76754],
			"rotation": {
				"angle": 0,
				"axis": "y",
				"origin": [7.36317, 21.62608, 7.76754]
			},
			"faces": {
				"north": {
					"uv": [3.5, 8.5, 4, 11],
					"texture": "#1"
				},
				"east": {
					"uv": [4, 8.5, 4.5, 11],
					"texture": "#1"
				},
				"south": {
					"uv": [9, 0.5, 9.5, 3],
					"texture": "#1"
				},
				"west": {
					"uv": [9, 3, 9.5, 5.5],
					"texture": "#1"
				},
				"up": {
					"uv": [10, 3.5, 9.5, 3],
					"texture": "#1"
				},
				"down": {
					"uv": [10, 3.5, 9.5, 4],
					"texture": "#1"
				}
			}
		},
		{
			"from": [10.36317, 21.62608, 7.76754],
			"to": [11.36317, 26.62608, 8.76754],
			"rotation": {
				"angle": 0,
				"axis": "y",
				"origin": [13.36317, 21.62608, 7.76754]
			},
			"faces": {
				"north": {
					"uv": [6.5, 9, 7, 11.5],
					"texture": "#1"
				},
				"east": {
					"uv": [7, 9, 7.5, 11.5],
					"texture": "#1"
				},
				"south": {
					"uv": [7.5, 9, 8, 11.5],
					"texture": "#1"
				},
				"west": {
					"uv": [8, 9, 8.5, 11.5],
					"texture": "#1"
				},
				"up": {
					"uv": [10, 4.5, 9.5, 4],
					"texture": "#1"
				},
				"down": {
					"uv": [5, 9.5, 4.5, 10],
					"texture": "#1"
				}
			}
		},
		{
			"from": [4.36317, 26.62608, 7.76754],
			"to": [11.36317, 27.62608, 8.76754],
			"rotation": {
				"angle": 0,
				"axis": "y",
				"origin": [7.36317, 26.62608, 7.76754]
			},
			"faces": {
				"north": {
					"uv": [8.5, 7.5, 12, 8],
					"texture": "#1"
				},
				"east": {
					"uv": [9.5, 4.5, 10, 5],
					"texture": "#1"
				},
				"south": {
					"uv": [8.5, 8, 12, 8.5],
					"texture": "#1"
				},
				"west": {
					"uv": [5, 9.5, 5.5, 10],
					"texture": "#1"
				},
				"up": {
					"uv": [12, 9, 8.5, 8.5],
					"texture": "#1"
				},
				"down": {
					"uv": [12.5, 0, 9, 0.5],
					"texture": "#1"
				}
			}
		},
		{
			"from": [4.86317, 21.12608, 2.76754],
			"to": [4.86317, 27.12608, 7.76754],
			"rotation": {
				"angle": 0,
				"axis": "y",
				"origin": [7.86317, 24.12608, 5.26754]
			},
			"faces": {
				"north": {
					"uv": [0, 0, 3, 3],
					"texture": "#1"
				},
				"east": {
					"uv": [3, 0, 5.5, 3],
					"texture": "#1"
				},
				"south": {
					"uv": [0, 3, 3, 6],
					"texture": "#1"
				},
				"west": {
					"uv": [3, 3, 5.5, 6],
					"texture": "#1"
				},
				"up": {
					"uv": [8.5, 2.5, 5.5, 0],
					"texture": "#1"
				},
				"down": {
					"uv": [8.5, 2.5, 5.5, 5],
					"texture": "#1"
				}
			}
		},
		{
			"from": [4.86317, 21.12608, 2.76754],
			"to": [10.86317, 21.12608, 7.76754],
			"rotation": {
				"angle": 0,
				"axis": "y",
				"origin": [10.86317, 24.12608, 5.26754]
			},
			"faces": {
				"north": {
					"uv": [0, 0, 3, 3],
					"texture": "#1"
				},
				"east": {
					"uv": [3, 0, 5.5, 3],
					"texture": "#1"
				},
				"south": {
					"uv": [0, 3, 3, 6],
					"texture": "#1"
				},
				"west": {
					"uv": [3, 3, 5.5, 6],
					"texture": "#1"
				},
				"up": {
					"uv": [8.5, 2.5, 5.5, 0],
					"texture": "#1"
				},
				"down": {
					"uv": [8.5, 2.5, 5.5, 5],
					"texture": "#1"
				}
			}
		},
		{
			"from": [4.86317, 21.12608, 5.76754],
			"to": [10.86317, 27.12608, 5.76754],
			"rotation": {
				"angle": 0,
				"axis": "y",
				"origin": [10.86317, 204.1261, 5.26754]
			},
			"faces": {
				"north": {
					"uv": [0, 0, 3, 3],
					"texture": "#1"
				},
				"east": {
					"uv": [3, 0, 5.5, 3],
					"texture": "#1"
				},
				"south": {
					"uv": [3, 3, 6, 6],
					"texture": "#1"
				},
				"west": {
					"uv": [3, 3, 5.5, 6],
					"texture": "#1"
				},
				"up": {
					"uv": [8.5, 2.5, 5.5, 0],
					"texture": "#1"
				},
				"down": {
					"uv": [8.5, 2.5, 5.5, 5],
					"texture": "#1"
				}
			}
		},
		{
			"from": [4.86317, 27.12608, 2.76754],
			"to": [10.86317, 27.12608, 7.76754],
			"rotation": {
				"angle": 0,
				"axis": "y",
				"origin": [7.86317, 27.12608, 5.26754]
			},
			"faces": {
				"north": {
					"uv": [0, 0, 3, 3],
					"texture": "#1"
				},
				"east": {
					"uv": [3, 0, 5.5, 3],
					"texture": "#1"
				},
				"south": {
					"uv": [0, 3, 3, 6],
					"texture": "#1"
				},
				"west": {
					"uv": [3, 3, 5.5, 6],
					"texture": "#1"
				},
				"up": {
					"uv": [8.5, 2.5, 5.5, 0],
					"texture": "#1"
				},
				"down": {
					"uv": [8.5, 2.5, 5.5, 5],
					"texture": "#1"
				}
			}
		},
		{
			"from": [4.86317, 21.12608, 2.76754],
			"to": [10.86317, 27.12608, 2.76754],
			"rotation": {
				"angle": 0,
				"axis": "y",
				"origin": [7.86317, 27.12608, 3.26754]
			},
			"faces": {
				"north": {
					"uv": [0, 0, 3, 3],
					"texture": "#1"
				},
				"east": {
					"uv": [3, 0, 5.5, 3],
					"texture": "#1"
				},
				"south": {
					"uv": [0, 3, 3, 6],
					"texture": "#1"
				},
				"west": {
					"uv": [3, 3, 5.5, 6],
					"texture": "#1"
				},
				"up": {
					"uv": [8.5, 2.5, 5.5, 0],
					"texture": "#1"
				},
				"down": {
					"uv": [8.5, 2.5, 5.5, 5],
					"texture": "#1"
				}
			}
		},
		{
			"from": [10.86317, 21.12608, 2.76754],
			"to": [10.86317, 27.12608, 7.76754],
			"rotation": {
				"angle": 0,
				"axis": "y",
				"origin": [10.86317, 24.12608, 5.26754]
			},
			"faces": {
				"north": {
					"uv": [0, 0, 3, 3],
					"texture": "#1"
				},
				"east": {
					"uv": [3, 0, 5.5, 3],
					"texture": "#1"
				},
				"south": {
					"uv": [0, 3, 3, 6],
					"texture": "#1"
				},
				"west": {
					"uv": [3, 3, 5.5, 6],
					"texture": "#1"
				},
				"up": {
					"uv": [8.5, 2.5, 5.5, 0],
					"texture": "#1"
				},
				"down": {
					"uv": [8.5, 2.5, 5.5, 5],
					"texture": "#1"
				}
			}
		},
		{
			"from": [9.86317, 21.66831, -0.53379],
			"to": [9.86317, 25.66831, 4.46621],
			"rotation": {
				"angle": -22.5,
				"axis": "x",
				"origin": [9.86317, 23.66831, 1.96621]
			},
			"faces": {
				"north": {
					"uv": [6.5, 7, 8.5, 9],
					"texture": "#1"
				},
				"east": {
					"uv": [5.5, 5, 8, 7],
					"texture": "#1"
				},
				"south": {
					"uv": [0, 8, 2, 10],
					"texture": "#1"
				},
				"west": {
					"uv": [0, 6, 2.5, 8],
					"texture": "#1"
				},
				"up": {
					"uv": [4.5, 8.5, 2.5, 6],
					"texture": "#1"
				},
				"down": {
					"uv": [6.5, 7, 4.5, 9.5],
					"texture": "#1"
				}
			}
		},
		{
			"from": [5.86317, 21.66831, -0.53379],
			"to": [5.86317, 25.66831, 4.46621],
			"rotation": {
				"angle": -22.5,
				"axis": "x",
				"origin": [5.86317, 23.66831, 1.96621]
			},
			"faces": {
				"north": {
					"uv": [6.5, 7, 8.5, 9],
					"texture": "#1"
				},
				"east": {
					"uv": [5.5, 5, 8, 7],
					"texture": "#1"
				},
				"south": {
					"uv": [0, 8, 2, 10],
					"texture": "#1"
				},
				"west": {
					"uv": [0, 6, 2.5, 8],
					"texture": "#1"
				},
				"up": {
					"uv": [4.5, 8.5, 2.5, 6],
					"texture": "#1"
				},
				"down": {
					"uv": [6.5, 7, 4.5, 9.5],
					"texture": "#1"
				}
			}
		},
		{
			"from": [5.86317, 21.66831, -0.53379],
			"to": [9.86317, 21.66831, 4.46621],
			"rotation": {
				"angle": -22.5,
				"axis": "x",
				"origin": [5.86317, 23.66831, 1.96621]
			},
			"faces": {
				"north": {
					"uv": [6.5, 7, 8.5, 9],
					"texture": "#1"
				},
				"east": {
					"uv": [5.5, 5, 8, 7],
					"texture": "#1"
				},
				"south": {
					"uv": [0, 8, 2, 10],
					"texture": "#1"
				},
				"west": {
					"uv": [0, 6, 2.5, 8],
					"texture": "#1"
				},
				"up": {
					"uv": [4.5, 8.5, 2.5, 6],
					"texture": "#1"
				},
				"down": {
					"uv": [6.5, 7, 4.5, 9.5],
					"texture": "#1"
				}
			}
		},
		{
			"from": [5.86317, 21.66831, -0.53379],
			"to": [9.86317, 25.66831, -0.53379],
			"rotation": {
				"angle": -22.5,
				"axis": "x",
				"origin": [5.86317, 23.66831, 1.96621]
			},
			"faces": {
				"north": {
					"uv": [6.5, 7, 8.5, 9],
					"texture": "#1"
				},
				"east": {
					"uv": [5.5, 5, 8, 7],
					"texture": "#1"
				},
				"south": {
					"uv": [0, 8, 2, 10],
					"texture": "#1"
				},
				"west": {
					"uv": [0, 6, 2.5, 8],
					"texture": "#1"
				},
				"up": {
					"uv": [4.5, 8.5, 2.5, 6],
					"texture": "#1"
				},
				"down": {
					"uv": [6.5, 7, 4.5, 9.5],
					"texture": "#1"
				}
			}
		},
		{
			"from": [5.86317, 25.7203, -1.35126],
			"to": [9.86317, 25.7203, 3.14874],
			"rotation": {
				"angle": -22.5,
				"axis": "x",
				"origin": [7.86317, 25.82055, 1.73157]
			},
			"faces": {
				"north": {
					"uv": [6.5, 7, 8.5, 9],
					"texture": "#1"
				},
				"east": {
					"uv": [5.5, 5, 8, 7],
					"texture": "#1"
				},
				"south": {
					"uv": [0, 8, 2, 10],
					"texture": "#1"
				},
				"west": {
					"uv": [0, 6, 2.5, 8],
					"texture": "#1"
				},
				"up": {
					"uv": [4.5, 8.5, 2.5, 6],
					"texture": "#1"
				},
				"down": {
					"uv": [6.5, 7, 4.5, 9.5],
					"texture": "#1"
				}
			}
		}
	]
}