{
	"textures": {
		"0": "animated_java:blueprint/blueprint/gltf_embedded_0",
		"particle": "minecraft:item/pufferfish"
	},
	"display": {
		"head": {
			"rotation": [0, 180, 0]
		}
	},
	"elements": [
		{
			"from": [7, 8, 7],
			"to": [10, 10, 9],
			"rotation": {
				"angle": 7.5,
				"axis": "x",
				"origin": [8, 8, 8]
			},
			"faces": {
				"north": {
					"uv": [0.5, 6.25, 1.25, 6.75],
					"texture": "#0"
				},
				"east": {
					"uv": [1.25, 7.25, 1.75, 7.75],
					"texture": "#0"
				},
				"south": {
					"uv": [0.5, 7.25, 1.25, 7.75],
					"texture": "#0"
				},
				"west": {
					"uv": [0, 7.25, 0.5, 7.75],
					"texture": "#0"
				},
				"up": {
					"uv": [0.5, 6.75, 1.25, 7.25],
					"texture": "#0"
				},
				"down": {
					"uv": [1.75, 6.75, 2.5, 7.25],
					"texture": "#0"
				}
			}
		},
		{
			"from": [9.8, 8.5, 9],
			"to": [9.8, 12.5, 11],
			"rotation": {
				"angle": 40,
				"axis": "x",
				"origin": [9, 11, 10]
			},
			"faces": {
				"north": {
					"uv": [0, 0, 0, 4],
					"texture": "#0"
				},
				"east": {
					"uv": [4, 6.25, 4.5, 7.25],
					"texture": "#0"
				},
				"south": {
					"uv": [0, 0, 0, 4],
					"texture": "#0"
				},
				"west": {
					"uv": [4.5, 6.25, 4, 7.25],
					"texture": "#0"
				},
				"up": {
					"uv": [0, 0, 0, 2],
					"texture": "#0"
				},
				"down": {
					"uv": [0, 0, 0, 2],
					"texture": "#0"
				}
			}
		},
		{
			"from": [7.2, 8.5, 9],
			"to": [7.2, 12.5, 11],
			"rotation": {
				"angle": 40,
				"axis": "x",
				"origin": [9, 11, 10]
			},
			"faces": {
				"north": {
					"uv": [0, 0, 0, 4],
					"texture": "#0"
				},
				"east": {
					"uv": [4, 6.25, 4.5, 7.25],
					"texture": "#0"
				},
				"south": {
					"uv": [0, 0, 0, 4],
					"texture": "#0"
				},
				"west": {
					"uv": [4.5, 6.25, 4, 7.25],
					"texture": "#0"
				},
				"up": {
					"uv": [0, 0, 0, 2],
					"texture": "#0"
				},
				"down": {
					"uv": [0, 0, 0, 2],
					"texture": "#0"
				}
			}
		}
	]
}