{
	"textures": {
		"0": "animated_java:blueprint/blueprint/gltf_embedded_0",
		"particle": "minecraft:item/pufferfish"
	},
	"display": {
		"head": {
			"rotation": [0, 180, 0]
		}
	},
	"elements": [
		{
			"from": [4, 7, -4],
			"to": [18, 7, 17],
			"rotation": {
				"angle": -15,
				"axis": "x",
				"origin": [4, 7, 6]
			},
			"faces": {
				"north": {
					"uv": [0, 0, 2, 2],
					"texture": "#0"
				},
				"east": {
					"uv": [0, 0, 2, 2],
					"texture": "#0"
				},
				"south": {
					"uv": [0, 0, 2, 2],
					"texture": "#0"
				},
				"west": {
					"uv": [0, 0, 2, 2],
					"texture": "#0"
				},
				"up": {
					"uv": [3, 16, 5, 13],
					"texture": "#0"
				},
				"down": {
					"uv": [3, 13, 5, 16],
					"texture": "#0"
				}
			}
		}
	]
}