{
	"textures": {
		"0": "animated_java:blueprint/blueprint/gltf_embedded_0",
		"particle": "minecraft:item/pufferfish"
	},
	"display": {
		"head": {
			"rotation": [0, 180, 0]
		}
	},
	"elements": [
		{
			"from": [6.5, 6.75, 5.5],
			"to": [9.5, 8.25, 10.5],
			"rotation": {
				"angle": -22.5,
				"axis": "x",
				"origin": [8, 8, 8]
			},
			"faces": {
				"north": {
					"uv": [8.25, 6.5, 9, 6.75],
					"texture": "#0"
				},
				"east": {
					"uv": [7, 6.5, 8.25, 6.75],
					"texture": "#0"
				},
				"south": {
					"uv": [6.25, 6.5, 7, 6.75],
					"texture": "#0"
				},
				"west": {
					"uv": [5, 6.5, 6.25, 6.75],
					"texture": "#0"
				},
				"up": {
					"uv": [6.25, 6.75, 7, 8],
					"texture": "#0"
				},
				"down": {
					"uv": [7, 6.75, 7.75, 8],
					"texture": "#0"
				}
			}
		}
	]
}