{
    "model":    {
        "type": "select",
        "property": "custom_model_data",
        "fallback": {
            "type": "model",
            "model": "item/iron_axe"
        },
        "cases":    [
            { "when": "yang", "model": {"type": "model", "model": "item/iron_yang_axe"}},
			{ "when": "ban", "model": {"type": "model", "model": "item/iron_ban_axe"}},
			{ "when": "crystal", "model": {"type": "model", "model": "item/crystal_frostscythe"}},
			{ "when": "greataxe", "model": {"type": "model", "model": "item/berserkers_greataxe"}},
			{ "when": "dagger", "model": {"type": "model", "model": "item/iron_dagger"}}
        ]
    }
}