{
    "model":    {
        "type": "select",
        "property": "custom_model_data",
        "fallback": {
            "type": "model",
            "model": "item/iron_axe"
        },
        "cases":    [
            { "when": "yang", "model": {"type": "model", "model": "item/iron_yang_axe"}},
			{ "when": "ban", "model": {"type": "model", "model": "item/iron_ban_axe"}},
			{ "when": "dagger", "model": {"type": "model", "model": "item/iron_dagger"}},
			{ "when": "berserkers", "model": {"type": "model", "model": "item/berserkers_greataxe"}},
			{ "when": "crystal", "model": {"type": "model", "model": "item/crystal_frostscythe"}},
			{ "when": "gloomsteel", "model": {"type": "model", "model": "item/gloomsteel_greataxe"}},
			{ "when": "nocturne", "model": {"type": "model", "model": "item/nocturne"}},
			{ "when": "revenants", "model": {"type": "model", "model": "item/revenants_gravescepter"}},
			{ "when": "azure", "model": {"type": "model", "model": "item/azure_dagger"}}
        ]
    }
}