{
    "model":    {
        "type": "select",
        "property": "custom_model_data",
        "fallback": {
            "type": "model",
            "model": "item/paper"
        },
        "cases":    [
            { "when": "head", "model": {"type": "model", "model": "item/head"}},
			{ "when": "left", "model": {"type": "model", "model": "item/left"}},
			{ "when": "santa", "model": {"type": "model", "model": "item/santa"}},
			{ "when": "right", "model": {"type": "model", "model": "item/right"}},
			{ "when": "wichi", "model": {"type": "model", "model": "item/wichi"}}
        ]
    }
}