{
    "model":    {
        "type": "select",
        "property": "custom_model_data",
        "fallback": {
            "type": "model",
            "model": "item/iron_axe"
        },
        "cases":    [
            { "when": "yang", "model": {"type": "model", "model": "item/iron_yang_axe"}},
			{ "when": "ban", "model": {"type": "model", "model": "item/iron_ban_axe"}},
			{ "when": "dagger", "model": {"type": "model", "model": "item/iron_dagger"}},
			{ "when": "berserkers", "model": {"type": "model", "model": "item/berserkers_greataxe"}},
			{ "when": "crystal", "model": {"type": "model", "model": "item/crystal_frostscythe"}},
			{ "when": "gloomsteel", "model": {"type": "model", "model": "item/gloomsteel_greataxe"}},
			{ "when": "nocturne", "model": {"type": "model", "model": "item/nocturne"}},
			{ "when": "revenants", "model": {"type": "model", "model": "item/revenants_gravescepter"}},
			{ "when": "uchigatana", "model": {"type": "model", "model": "item/uchigatana"}},
			{ "when": "greataxe", "model": {"type": "model", "model": "item/iron_greataxe"}},
			{ "when": "battleaxe", "model": {"type": "model", "model": "item/iron_battle_axe"}},
			{ "when": "creationsplitter", "model": {"type": "model", "model": "item/creationsplitter"}},
			{ "when": "excalibur", "model": {"type": "model", "model": "item/excalibur"}},
			{ "when": "edgeoftheastralplane", "model": {"type": "model", "model": "item/edgeoftheastralplane"}},
			{ "when": "soul_collector", "model": {"type": "model", "model": "item/soul_collector"}},
			{ "when": "awakened_lichblade", "model": {"type": "model", "model": "item/awakened_lichblade"}},
			{ "when": "azure", "model": {"type": "model", "model": "item/azure_dagger"}}
        ]
    }
}