{
	"textures": {
		"0": "animated_java:blueprint/blueprint/texture",
		"particle": "minecraft:item/pufferfish"
	},
	"display": {
		"head": {
			"rotation": [0, 180, 0]
		}
	},
	"elements": [
		{
			"from": [7, 8, 7],
			"to": [15, 20, 15],
			"rotation": {
				"angle": 0,
				"axis": "y",
				"origin": [8, 8, 8]
			},
			"faces": {
				"north": {
					"uv": [0, 0, 4, 6],
					"texture": "#0"
				},
				"east": {
					"uv": [4, 0, 8, 6],
					"texture": "#0"
				},
				"south": {
					"uv": [0, 6, 4, 12],
					"texture": "#0"
				},
				"west": {
					"uv": [4, 6, 8, 12],
					"texture": "#0"
				},
				"up": {
					"uv": [12, 4, 8, 0],
					"texture": "#0"
				},
				"down": {
					"uv": [12, 4, 8, 8],
					"texture": "#0"
				}
			}
		}
	]
}