{
	"textures": {
		"0": "animated_java:blueprint/ghost/51212b358da2eaf6",
		"particle": "minecraft:item/pufferfish"
	},
	"display": {
		"head": {
			"rotation": [0, 180, 0]
		}
	},
	"elements": [
		{
			"from": [4.00499, 19.48564, 6.0025],
			"to": [11.99501, 31.47066, 9.9975],
			"rotation": {
				"angle": 0,
				"axis": "y",
				"origin": [0.00999, 8, 0.00999]
			},
			"faces": {
				"north": {
					"uv": [5, 5, 7, 7.98],
					"texture": "#0"
				},
				"east": {
					"uv": [4, 5, 5, 8],
					"texture": "#0"
				},
				"south": {
					"uv": [8, 5, 10, 8],
					"texture": "#0"
				},
				"west": {
					"uv": [7, 5, 8, 7.98],
					"texture": "#0"
				},
				"up": {
					"uv": [7, 5, 5, 4],
					"texture": "#0"
				},
				"down": {
					"uv": [9, 4, 7, 5],
					"texture": "#0"
				}
			}
		},
		{
			"from": [4.00499, 19.00624, 5.50312],
			"to": [11.99501, 32, 10.49688],
			"rotation": {
				"angle": 0,
				"axis": "y",
				"origin": [0.00999, 8, 0.00999]
			},
			"faces": {
				"north": {
					"uv": [5, 9, 7, 12],
					"texture": "#0"
				},
				"east": {
					"uv": [4, 9, 5, 12],
					"texture": "#0"
				},
				"south": {
					"uv": [8, 9, 10, 12],
					"texture": "#0"
				},
				"west": {
					"uv": [7, 9, 8, 12],
					"texture": "#0"
				},
				"up": {
					"uv": [7, 9, 5, 8],
					"texture": "#0"
				},
				"down": {
					"uv": [9, 8, 7, 9],
					"texture": "#0"
				}
			}
		}
	]
}