{
	"textures": {
		"3": "animated_java:blueprint/ghost/demonlordsword",
		"particle": "minecraft:item/pufferfish"
	},
	"display": {
		"head": {
			"rotation": [0, 180, 0]
		}
	},
	"elements": [
		{
			"from": [7.9375, 12.34233, 7.9375],
			"to": [8.0625, 12.96733, 8.0625],
			"rotation": {
				"angle": 0,
				"axis": "y",
				"origin": [0.0625, 0.09233, -0.0625]
			},
			"faces": {
				"north": {
					"uv": [8, 3.125, 7.875, 3.75],
					"texture": "#3"
				},
				"east": {
					"uv": [7.875, 3.125, 8, 3.75],
					"texture": "#3"
				},
				"south": {
					"uv": [7.875, 3.125, 8, 3.75],
					"texture": "#3"
				},
				"west": {
					"uv": [7.875, 3.125, 8, 3.75],
					"texture": "#3"
				},
				"up": {
					"uv": [7.875, 3.125, 8, 3.25],
					"texture": "#3"
				},
				"down": {
					"uv": [7.875, 3.625, 8, 3.75],
					"texture": "#3"
				}
			}
		},
		{
			"from": [7.8125, 12.09233, 7.9375],
			"to": [7.9375, 12.71733, 8.0625],
			"rotation": {
				"angle": 0,
				"axis": "y",
				"origin": [0.0625, 0.09233, -0.0625]
			},
			"faces": {
				"north": {
					"uv": [7.875, 3.375, 7.75, 4],
					"texture": "#3"
				},
				"east": {
					"uv": [7.75, 3.375, 7.875, 4],
					"texture": "#3"
				},
				"south": {
					"uv": [7.75, 3.375, 7.875, 4],
					"texture": "#3"
				},
				"west": {
					"uv": [7.75, 3.375, 7.875, 4],
					"texture": "#3"
				},
				"up": {
					"uv": [7.75, 3.375, 7.875, 3.5],
					"texture": "#3"
				},
				"down": {
					"uv": [7.75, 3.875, 7.875, 4],
					"texture": "#3"
				}
			}
		},
		{
			"from": [8.0625, 12.09233, 7.9375],
			"to": [8.1875, 12.71733, 8.0625],
			"rotation": {
				"angle": 0,
				"axis": "y",
				"origin": [0.0625, 0.09233, -0.0625]
			},
			"faces": {
				"north": {
					"uv": [8.125, 3.375, 8, 4],
					"texture": "#3"
				},
				"east": {
					"uv": [8, 3.375, 8.125, 4],
					"texture": "#3"
				},
				"south": {
					"uv": [8, 3.375, 8.125, 4],
					"texture": "#3"
				},
				"west": {
					"uv": [8, 3.375, 8.125, 4],
					"texture": "#3"
				},
				"up": {
					"uv": [8, 3.375, 8.125, 3.5],
					"texture": "#3"
				},
				"down": {
					"uv": [8, 3.875, 8.125, 4],
					"texture": "#3"
				}
			}
		},
		{
			"from": [7.6875, 11.84233, 7.9375],
			"to": [7.8125, 12.34233, 8.0625],
			"rotation": {
				"angle": 0,
				"axis": "y",
				"origin": [0.0625, 0.09233, -0.0625]
			},
			"faces": {
				"north": {
					"uv": [7.75, 3.75, 7.625, 4.25],
					"texture": "#3"
				},
				"east": {
					"uv": [7.625, 3.75, 7.75, 4.25],
					"texture": "#3"
				},
				"south": {
					"uv": [7.625, 3.75, 7.75, 4.25],
					"texture": "#3"
				},
				"west": {
					"uv": [7.625, 3.75, 7.75, 4.25],
					"texture": "#3"
				},
				"up": {
					"uv": [7.625, 3.75, 7.75, 3.875],
					"texture": "#3"
				},
				"down": {
					"uv": [7.625, 4.125, 7.75, 4.25],
					"texture": "#3"
				}
			}
		},
		{
			"from": [8.1875, 11.96733, 7.9375],
			"to": [8.3125, 12.34233, 8.0625],
			"rotation": {
				"angle": 0,
				"axis": "y",
				"origin": [0.0625, 0.09233, -0.0625]
			},
			"faces": {
				"north": {
					"uv": [8.25, 3.75, 8.125, 4.125],
					"texture": "#3"
				},
				"east": {
					"uv": [8.125, 3.75, 8.25, 4.125],
					"texture": "#3"
				},
				"south": {
					"uv": [8.125, 3.75, 8.25, 4.125],
					"texture": "#3"
				},
				"west": {
					"uv": [8.125, 3.75, 8.25, 4.125],
					"texture": "#3"
				},
				"up": {
					"uv": [8.125, 3.75, 8.25, 3.875],
					"texture": "#3"
				},
				"down": {
					"uv": [8.125, 4, 8.25, 4.125],
					"texture": "#3"
				}
			}
		},
		{
			"from": [7.9375, 7.34233, 7.8875],
			"to": [8.0625, 12.34233, 8.1125],
			"rotation": {
				"angle": 0,
				"axis": "y",
				"origin": [0.0625, 0.09233, -0.0625]
			},
			"faces": {
				"north": {
					"uv": [9.25, 3.75, 9.125, 8.75],
					"texture": "#3"
				},
				"east": {
					"uv": [9.125, 3.75, 9.25, 8.75],
					"texture": "#3"
				},
				"south": {
					"uv": [9.125, 3.75, 9.25, 8.75],
					"texture": "#3"
				},
				"west": {
					"uv": [9.125, 3.75, 9.25, 8.75],
					"texture": "#3"
				},
				"up": {
					"uv": [9.125, 3.75, 9.25, 3.875],
					"texture": "#3"
				},
				"down": {
					"uv": [9.125, 8.625, 9.25, 8.75],
					"texture": "#3"
				}
			}
		},
		{
			"from": [7.8125, 7.21733, 7.8875],
			"to": [7.9375, 12.09233, 8.1125],
			"rotation": {
				"angle": 0,
				"axis": "y",
				"origin": [0.0625, 0.09233, -0.0625]
			},
			"faces": {
				"north": {
					"uv": [9.125, 4, 9, 8.875],
					"texture": "#3"
				},
				"east": {
					"uv": [9, 4, 9.125, 8.875],
					"texture": "#3"
				},
				"south": {
					"uv": [9, 4, 9.125, 8.875],
					"texture": "#3"
				},
				"west": {
					"uv": [9, 4, 9.125, 8.875],
					"texture": "#3"
				},
				"up": {
					"uv": [9, 4, 9.125, 4.125],
					"texture": "#3"
				},
				"down": {
					"uv": [9, 8.75, 9.125, 8.875],
					"texture": "#3"
				}
			}
		},
		{
			"from": [8.0625, 7.21733, 7.8875],
			"to": [8.1875, 12.09233, 8.1125],
			"rotation": {
				"angle": 0,
				"axis": "y",
				"origin": [0.0625, 0.09233, -0.0625]
			},
			"faces": {
				"north": {
					"uv": [9.375, 4, 9.25, 8.875],
					"texture": "#3"
				},
				"east": {
					"uv": [9.25, 4, 9.375, 8.875],
					"texture": "#3"
				},
				"south": {
					"uv": [9.25, 4, 9.375, 8.875],
					"texture": "#3"
				},
				"west": {
					"uv": [9.25, 4, 9.375, 8.875],
					"texture": "#3"
				},
				"up": {
					"uv": [9.25, 4, 9.375, 4.125],
					"texture": "#3"
				},
				"down": {
					"uv": [9.25, 8.75, 9.375, 8.875],
					"texture": "#3"
				}
			}
		},
		{
			"from": [7.5625, 10.71733, 7.9375],
			"to": [7.6875, 11.96733, 8.0625],
			"rotation": {
				"angle": 0,
				"axis": "y",
				"origin": [0.0625, 0.09233, -0.0625]
			},
			"faces": {
				"north": {
					"uv": [7.625, 4.125, 7.5, 5.375],
					"texture": "#3"
				},
				"east": {
					"uv": [7.5, 4.125, 7.625, 5.375],
					"texture": "#3"
				},
				"south": {
					"uv": [7.5, 4.125, 7.625, 5.375],
					"texture": "#3"
				},
				"west": {
					"uv": [7.5, 4.125, 7.625, 5.375],
					"texture": "#3"
				},
				"up": {
					"uv": [7.5, 4.125, 7.625, 4.25],
					"texture": "#3"
				},
				"down": {
					"uv": [7.5, 5.25, 7.625, 5.375],
					"texture": "#3"
				}
			}
		},
		{
			"from": [8.3125, 10.71733, 7.9375],
			"to": [8.4375, 11.96733, 8.0625],
			"rotation": {
				"angle": 0,
				"axis": "y",
				"origin": [0.0625, 0.09233, -0.0625]
			},
			"faces": {
				"north": {
					"uv": [8.375, 4.125, 8.25, 5.375],
					"texture": "#3"
				},
				"east": {
					"uv": [8.25, 4.125, 8.375, 5.375],
					"texture": "#3"
				},
				"south": {
					"uv": [8.25, 4.125, 8.375, 5.375],
					"texture": "#3"
				},
				"west": {
					"uv": [8.25, 4.125, 8.375, 5.375],
					"texture": "#3"
				},
				"up": {
					"uv": [8.25, 4.125, 8.375, 4.25],
					"texture": "#3"
				},
				"down": {
					"uv": [8.25, 5.25, 8.375, 5.375],
					"texture": "#3"
				}
			}
		},
		{
			"from": [8.1875, 10.96733, 7.8875],
			"to": [8.3125, 11.96733, 8.1125],
			"rotation": {
				"angle": 0,
				"axis": "y",
				"origin": [0.0625, 0.09233, -0.0625]
			},
			"faces": {
				"north": {
					"uv": [9.5, 4.125, 9.375, 5.125],
					"texture": "#3"
				},
				"east": {
					"uv": [9.375, 4.125, 9.5, 5.125],
					"texture": "#3"
				},
				"south": {
					"uv": [9.375, 4.125, 9.5, 5.125],
					"texture": "#3"
				},
				"west": {
					"uv": [9.375, 4.125, 9.5, 5.125],
					"texture": "#3"
				},
				"up": {
					"uv": [9.375, 4.125, 9.5, 4.25],
					"texture": "#3"
				},
				"down": {
					"uv": [9.375, 5, 9.5, 5.125],
					"texture": "#3"
				}
			}
		},
		{
			"from": [7.6875, 10.96733, 7.8875],
			"to": [7.8125, 11.84233, 8.1125],
			"rotation": {
				"angle": 0,
				"axis": "y",
				"origin": [0.0625, 0.09233, -0.0625]
			},
			"faces": {
				"north": {
					"uv": [9, 4.25, 8.875, 5.125],
					"texture": "#3"
				},
				"east": {
					"uv": [8.875, 4.25, 9, 5.125],
					"texture": "#3"
				},
				"south": {
					"uv": [8.875, 4.25, 9, 5.125],
					"texture": "#3"
				},
				"west": {
					"uv": [8.875, 4.25, 9, 5.125],
					"texture": "#3"
				},
				"up": {
					"uv": [8.875, 4.25, 9, 4.375],
					"texture": "#3"
				},
				"down": {
					"uv": [8.875, 5, 9, 5.125],
					"texture": "#3"
				}
			}
		},
		{
			"from": [7.6875, 7.59233, 7.9375],
			"to": [7.8125, 10.96733, 8.0625],
			"rotation": {
				"angle": 0,
				"axis": "y",
				"origin": [0.0625, 0.09233, -0.0625]
			},
			"faces": {
				"north": {
					"uv": [7.75, 5.125, 7.625, 8.5],
					"texture": "#3"
				},
				"east": {
					"uv": [7.625, 5.125, 7.75, 8.5],
					"texture": "#3"
				},
				"south": {
					"uv": [7.625, 5.125, 7.75, 8.5],
					"texture": "#3"
				},
				"west": {
					"uv": [7.625, 5.125, 7.75, 8.5],
					"texture": "#3"
				},
				"up": {
					"uv": [7.625, 5.125, 7.75, 5.25],
					"texture": "#3"
				},
				"down": {
					"uv": [7.625, 8.375, 7.75, 8.5],
					"texture": "#3"
				}
			}
		},
		{
			"from": [8.1875, 7.59233, 7.9375],
			"to": [8.3125, 10.96733, 8.0625],
			"rotation": {
				"angle": 0,
				"axis": "y",
				"origin": [0.0625, 0.09233, -0.0625]
			},
			"faces": {
				"north": {
					"uv": [8.25, 5.125, 8.125, 8.5],
					"texture": "#3"
				},
				"east": {
					"uv": [8.125, 5.125, 8.25, 8.5],
					"texture": "#3"
				},
				"south": {
					"uv": [8.125, 5.125, 8.25, 8.5],
					"texture": "#3"
				},
				"west": {
					"uv": [8.125, 5.125, 8.25, 8.5],
					"texture": "#3"
				},
				"up": {
					"uv": [8.125, 5.125, 8.25, 5.25],
					"texture": "#3"
				},
				"down": {
					"uv": [8.125, 8.375, 8.25, 8.5],
					"texture": "#3"
				}
			}
		},
		{
			"from": [7.5625, 6.96733, 7.9375],
			"to": [7.6875, 8.09233, 8.0625],
			"rotation": {
				"angle": 0,
				"axis": "y",
				"origin": [0.0625, 0.09233, -0.0625]
			},
			"faces": {
				"north": {
					"uv": [7.625, 8, 7.5, 9.125],
					"texture": "#3"
				},
				"east": {
					"uv": [7.5, 8, 7.625, 9.125],
					"texture": "#3"
				},
				"south": {
					"uv": [7.5, 8, 7.625, 9.125],
					"texture": "#3"
				},
				"west": {
					"uv": [7.5, 8, 7.625, 9.125],
					"texture": "#3"
				},
				"up": {
					"uv": [7.5, 8, 7.625, 8.125],
					"texture": "#3"
				},
				"down": {
					"uv": [7.5, 9, 7.625, 9.125],
					"texture": "#3"
				}
			}
		},
		{
			"from": [8.3125, 6.96733, 7.9375],
			"to": [8.4375, 8.09233, 8.0625],
			"rotation": {
				"angle": 0,
				"axis": "y",
				"origin": [0.0625, 0.09233, -0.0625]
			},
			"faces": {
				"north": {
					"uv": [8.375, 8, 8.25, 9.125],
					"texture": "#3"
				},
				"east": {
					"uv": [8.25, 8, 8.375, 9.125],
					"texture": "#3"
				},
				"south": {
					"uv": [8.25, 8, 8.375, 9.125],
					"texture": "#3"
				},
				"west": {
					"uv": [8.25, 8, 8.375, 9.125],
					"texture": "#3"
				},
				"up": {
					"uv": [8.25, 8, 8.375, 8.125],
					"texture": "#3"
				},
				"down": {
					"uv": [8.25, 9, 8.375, 9.125],
					"texture": "#3"
				}
			}
		},
		{
			"from": [7.4375, 7.09233, 7.9375],
			"to": [7.5625, 7.59233, 8.0625],
			"rotation": {
				"angle": 0,
				"axis": "y",
				"origin": [0.0625, 0.09233, -0.0625]
			},
			"faces": {
				"north": {
					"uv": [7.5, 8.5, 7.375, 9],
					"texture": "#3"
				},
				"east": {
					"uv": [7.375, 8.5, 7.5, 9],
					"texture": "#3"
				},
				"south": {
					"uv": [7.375, 8.5, 7.5, 9],
					"texture": "#3"
				},
				"west": {
					"uv": [7.375, 8.5, 7.5, 9],
					"texture": "#3"
				},
				"up": {
					"uv": [7.375, 8.5, 7.5, 8.625],
					"texture": "#3"
				},
				"down": {
					"uv": [7.375, 8.875, 7.5, 9],
					"texture": "#3"
				}
			}
		},
		{
			"from": [8.4375, 7.09233, 7.9375],
			"to": [8.5625, 7.59233, 8.0625],
			"rotation": {
				"angle": 0,
				"axis": "y",
				"origin": [0.0625, 0.09233, -0.0625]
			},
			"faces": {
				"north": {
					"uv": [8.5, 8.5, 8.375, 9],
					"texture": "#3"
				},
				"east": {
					"uv": [8.375, 8.5, 8.5, 9],
					"texture": "#3"
				},
				"south": {
					"uv": [8.375, 8.5, 8.5, 9],
					"texture": "#3"
				},
				"west": {
					"uv": [8.375, 8.5, 8.5, 9],
					"texture": "#3"
				},
				"up": {
					"uv": [8.375, 8.5, 8.5, 8.625],
					"texture": "#3"
				},
				"down": {
					"uv": [8.375, 8.875, 8.5, 9],
					"texture": "#3"
				}
			}
		},
		{
			"from": [7.6875, 7.21733, 7.8875],
			"to": [7.8125, 7.59233, 8.1125],
			"rotation": {
				"angle": 0,
				"axis": "y",
				"origin": [0.0625, 0.09233, -0.0625]
			},
			"faces": {
				"north": {
					"uv": [9, 8.5, 8.875, 8.875],
					"texture": "#3"
				},
				"east": {
					"uv": [8.875, 8.5, 9, 8.875],
					"texture": "#3"
				},
				"south": {
					"uv": [8.875, 8.5, 9, 8.875],
					"texture": "#3"
				},
				"west": {
					"uv": [8.875, 8.5, 9, 8.875],
					"texture": "#3"
				},
				"up": {
					"uv": [8.875, 8.5, 9, 8.625],
					"texture": "#3"
				},
				"down": {
					"uv": [8.875, 8.75, 9, 8.875],
					"texture": "#3"
				}
			}
		},
		{
			"from": [8.1875, 7.21733, 7.8875],
			"to": [8.3125, 7.59233, 8.1125],
			"rotation": {
				"angle": 0,
				"axis": "y",
				"origin": [0.0625, 0.09233, -0.0625]
			},
			"faces": {
				"north": {
					"uv": [9.5, 8.5, 9.375, 8.875],
					"texture": "#3"
				},
				"east": {
					"uv": [9.375, 8.5, 9.5, 8.875],
					"texture": "#3"
				},
				"south": {
					"uv": [9.375, 8.5, 9.5, 8.875],
					"texture": "#3"
				},
				"west": {
					"uv": [9.375, 8.5, 9.5, 8.875],
					"texture": "#3"
				},
				"up": {
					"uv": [9.375, 8.5, 9.5, 8.625],
					"texture": "#3"
				},
				"down": {
					"uv": [9.375, 8.75, 9.5, 8.875],
					"texture": "#3"
				}
			}
		},
		{
			"from": [7.3125, 7.09233, 7.9375],
			"to": [7.4375, 7.21733, 8.0625],
			"rotation": {
				"angle": 0,
				"axis": "y",
				"origin": [0.0625, 0.09233, -0.0625]
			},
			"faces": {
				"north": {
					"uv": [7.375, 8.875, 7.25, 9],
					"texture": "#3"
				},
				"east": {
					"uv": [7.25, 8.875, 7.375, 9],
					"texture": "#3"
				},
				"south": {
					"uv": [7.25, 8.875, 7.375, 9],
					"texture": "#3"
				},
				"west": {
					"uv": [7.25, 8.875, 7.375, 9],
					"texture": "#3"
				},
				"up": {
					"uv": [7.25, 8.875, 7.375, 9],
					"texture": "#3"
				},
				"down": {
					"uv": [7.25, 8.875, 7.375, 9],
					"texture": "#3"
				}
			}
		},
		{
			"from": [7.6875, 6.71733, 7.9375],
			"to": [7.8125, 7.21733, 8.0625],
			"rotation": {
				"angle": 0,
				"axis": "y",
				"origin": [0.0625, 0.09233, -0.0625]
			},
			"faces": {
				"north": {
					"uv": [7.75, 8.875, 7.625, 9.375],
					"texture": "#3"
				},
				"east": {
					"uv": [7.625, 8.875, 7.75, 9.375],
					"texture": "#3"
				},
				"south": {
					"uv": [7.625, 8.875, 7.75, 9.375],
					"texture": "#3"
				},
				"west": {
					"uv": [7.625, 8.875, 7.75, 9.375],
					"texture": "#3"
				},
				"up": {
					"uv": [7.625, 8.875, 7.75, 9],
					"texture": "#3"
				},
				"down": {
					"uv": [7.625, 9.25, 7.75, 9.375],
					"texture": "#3"
				}
			}
		},
		{
			"from": [8.1875, 6.71733, 7.9375],
			"to": [8.3125, 7.21733, 8.0625],
			"rotation": {
				"angle": 0,
				"axis": "y",
				"origin": [0.0625, 0.09233, -0.0625]
			},
			"faces": {
				"north": {
					"uv": [8.25, 8.875, 8.125, 9.375],
					"texture": "#3"
				},
				"east": {
					"uv": [8.125, 8.875, 8.25, 9.375],
					"texture": "#3"
				},
				"south": {
					"uv": [8.125, 8.875, 8.25, 9.375],
					"texture": "#3"
				},
				"west": {
					"uv": [8.125, 8.875, 8.25, 9.375],
					"texture": "#3"
				},
				"up": {
					"uv": [8.125, 8.875, 8.25, 9],
					"texture": "#3"
				},
				"down": {
					"uv": [8.125, 9.25, 8.25, 9.375],
					"texture": "#3"
				}
			}
		},
		{
			"from": [8.5625, 7.09233, 7.9375],
			"to": [8.6875, 7.21733, 8.0625],
			"rotation": {
				"angle": 0,
				"axis": "y",
				"origin": [0.0625, 0.09233, -0.0625]
			},
			"faces": {
				"north": {
					"uv": [8.625, 8.875, 8.5, 9],
					"texture": "#3"
				},
				"east": {
					"uv": [8.5, 8.875, 8.625, 9],
					"texture": "#3"
				},
				"south": {
					"uv": [8.5, 8.875, 8.625, 9],
					"texture": "#3"
				},
				"west": {
					"uv": [8.5, 8.875, 8.625, 9],
					"texture": "#3"
				},
				"up": {
					"uv": [8.5, 8.875, 8.625, 9],
					"texture": "#3"
				},
				"down": {
					"uv": [8.5, 8.875, 8.625, 9],
					"texture": "#3"
				}
			}
		},
		{
			"from": [7.5625, 6.59233, 7.9375],
			"to": [7.6875, 6.84233, 8.0625],
			"rotation": {
				"angle": 0,
				"axis": "y",
				"origin": [0.0625, 0.09233, -0.0625]
			},
			"faces": {
				"north": {
					"uv": [7.625, 9.25, 7.5, 9.5],
					"texture": "#3"
				},
				"east": {
					"uv": [7.5, 9.25, 7.625, 9.5],
					"texture": "#3"
				},
				"south": {
					"uv": [7.5, 9.25, 7.625, 9.5],
					"texture": "#3"
				},
				"west": {
					"uv": [7.5, 9.25, 7.625, 9.5],
					"texture": "#3"
				},
				"up": {
					"uv": [7.5, 9.25, 7.625, 9.375],
					"texture": "#3"
				},
				"down": {
					"uv": [7.5, 9.375, 7.625, 9.5],
					"texture": "#3"
				}
			}
		},
		{
			"from": [7.9375, 6.71733, 7.8375],
			"to": [8.0625, 7.34233, 8.1625],
			"rotation": {
				"angle": 0,
				"axis": "y",
				"origin": [0.0625, 0.09233, -0.0625]
			},
			"faces": {
				"north": {
					"uv": [8, 9.25, 7.875, 9.875],
					"texture": "#3"
				},
				"east": {
					"uv": [7.875, 9.25, 8, 9.875],
					"texture": "#3"
				},
				"south": {
					"uv": [7.875, 9.25, 8, 9.875],
					"texture": "#3"
				},
				"west": {
					"uv": [7.875, 9.25, 8, 9.875],
					"texture": "#3"
				},
				"up": {
					"uv": [7.875, 9.25, 8, 9.375],
					"texture": "#3"
				},
				"down": {
					"uv": [7.875, 9.75, 8, 9.875],
					"texture": "#3"
				}
			}
		},
		{
			"from": [8.3125, 6.59233, 7.9375],
			"to": [8.4375, 6.84233, 8.0625],
			"rotation": {
				"angle": 0,
				"axis": "y",
				"origin": [0.0625, 0.09233, -0.0625]
			},
			"faces": {
				"north": {
					"uv": [8.375, 9.25, 8.25, 9.5],
					"texture": "#3"
				},
				"east": {
					"uv": [8.25, 9.25, 8.375, 9.5],
					"texture": "#3"
				},
				"south": {
					"uv": [8.25, 9.25, 8.375, 9.5],
					"texture": "#3"
				},
				"west": {
					"uv": [8.25, 9.25, 8.375, 9.5],
					"texture": "#3"
				},
				"up": {
					"uv": [8.25, 9.25, 8.375, 9.375],
					"texture": "#3"
				},
				"down": {
					"uv": [8.25, 9.375, 8.375, 9.5],
					"texture": "#3"
				}
			}
		},
		{
			"from": [7.4375, 6.59233, 7.9375],
			"to": [7.5625, 6.71733, 8.0625],
			"rotation": {
				"angle": 0,
				"axis": "y",
				"origin": [0.0625, 0.09233, -0.0625]
			},
			"faces": {
				"north": {
					"uv": [7.5, 9.375, 7.375, 9.5],
					"texture": "#3"
				},
				"east": {
					"uv": [7.375, 9.375, 7.5, 9.5],
					"texture": "#3"
				},
				"south": {
					"uv": [7.375, 9.375, 7.5, 9.5],
					"texture": "#3"
				},
				"west": {
					"uv": [7.375, 9.375, 7.5, 9.5],
					"texture": "#3"
				},
				"up": {
					"uv": [7.375, 9.375, 7.5, 9.5],
					"texture": "#3"
				},
				"down": {
					"uv": [7.375, 9.375, 7.5, 9.5],
					"texture": "#3"
				}
			}
		},
		{
			"from": [7.8125, 6.71733, 7.8375],
			"to": [7.9375, 7.21733, 8.1625],
			"rotation": {
				"angle": 0,
				"axis": "y",
				"origin": [0.0625, 0.09233, -0.0625]
			},
			"faces": {
				"north": {
					"uv": [7.875, 9.375, 7.75, 9.875],
					"texture": "#3"
				},
				"east": {
					"uv": [7.75, 9.375, 7.875, 9.875],
					"texture": "#3"
				},
				"south": {
					"uv": [7.75, 9.375, 7.875, 9.875],
					"texture": "#3"
				},
				"west": {
					"uv": [7.75, 9.375, 7.875, 9.875],
					"texture": "#3"
				},
				"up": {
					"uv": [7.75, 9.375, 7.875, 9.5],
					"texture": "#3"
				},
				"down": {
					"uv": [7.75, 9.75, 7.875, 9.875],
					"texture": "#3"
				}
			}
		},
		{
			"from": [8.0625, 6.71733, 7.8375],
			"to": [8.1875, 7.21733, 8.1625],
			"rotation": {
				"angle": 0,
				"axis": "y",
				"origin": [0.0625, 0.09233, -0.0625]
			},
			"faces": {
				"north": {
					"uv": [8.125, 9.375, 8, 9.875],
					"texture": "#3"
				},
				"east": {
					"uv": [8, 9.375, 8.125, 9.875],
					"texture": "#3"
				},
				"south": {
					"uv": [8, 9.375, 8.125, 9.875],
					"texture": "#3"
				},
				"west": {
					"uv": [8, 9.375, 8.125, 9.875],
					"texture": "#3"
				},
				"up": {
					"uv": [8, 9.375, 8.125, 9.5],
					"texture": "#3"
				},
				"down": {
					"uv": [8, 9.75, 8.125, 9.875],
					"texture": "#3"
				}
			}
		},
		{
			"from": [8.4375, 6.59233, 7.9375],
			"to": [8.5625, 6.71733, 8.0625],
			"rotation": {
				"angle": 0,
				"axis": "y",
				"origin": [0.0625, 0.09233, -0.0625]
			},
			"faces": {
				"north": {
					"uv": [8.5, 9.375, 8.375, 9.5],
					"texture": "#3"
				},
				"east": {
					"uv": [8.375, 9.375, 8.5, 9.5],
					"texture": "#3"
				},
				"south": {
					"uv": [8.375, 9.375, 8.5, 9.5],
					"texture": "#3"
				},
				"west": {
					"uv": [8.375, 9.375, 8.5, 9.5],
					"texture": "#3"
				},
				"up": {
					"uv": [8.375, 9.375, 8.5, 9.5],
					"texture": "#3"
				},
				"down": {
					"uv": [8.375, 9.375, 8.5, 9.5],
					"texture": "#3"
				}
			}
		},
		{
			"from": [7.6875, 6.09233, 7.7875],
			"to": [8.3125, 6.71733, 8.2125],
			"rotation": {
				"angle": 0,
				"axis": "y",
				"origin": [0.0625, 0.09233, -0.0625]
			},
			"faces": {
				"north": {
					"uv": [8.25, 10.125, 7.625, 10.75],
					"texture": "#3"
				},
				"east": {
					"uv": [8.125, 10.125, 8.25, 10.75],
					"texture": "#3"
				},
				"south": {
					"uv": [7.625, 10.125, 8.25, 10.75],
					"texture": "#3"
				},
				"west": {
					"uv": [7.625, 10.125, 7.75, 10.75],
					"texture": "#3"
				},
				"up": {
					"uv": [7.625, 10.125, 8.25, 10.25],
					"texture": "#3"
				},
				"down": {
					"uv": [7.625, 10.625, 8.25, 10.75],
					"texture": "#3"
				}
			}
		},
		{
			"from": [7.4375, 5.84233, 7.7875],
			"to": [7.6875, 6.59233, 8.2125],
			"rotation": {
				"angle": 0,
				"axis": "y",
				"origin": [0.0625, 0.09233, -0.0625]
			},
			"faces": {
				"north": {
					"uv": [7.625, 10.25, 7.375, 11],
					"texture": "#3"
				},
				"east": {
					"uv": [7.5, 10.25, 7.625, 11],
					"texture": "#3"
				},
				"south": {
					"uv": [7.375, 10.25, 7.625, 11],
					"texture": "#3"
				},
				"west": {
					"uv": [7.375, 10.25, 7.5, 11],
					"texture": "#3"
				},
				"up": {
					"uv": [7.375, 10.25, 7.625, 10.375],
					"texture": "#3"
				},
				"down": {
					"uv": [7.375, 10.875, 7.625, 11],
					"texture": "#3"
				}
			}
		},
		{
			"from": [8.3125, 5.84233, 7.7875],
			"to": [8.5625, 6.59233, 8.2125],
			"rotation": {
				"angle": 0,
				"axis": "y",
				"origin": [0.0625, 0.09233, -0.0625]
			},
			"faces": {
				"north": {
					"uv": [8.5, 10.25, 8.25, 11],
					"texture": "#3"
				},
				"east": {
					"uv": [8.375, 10.25, 8.5, 11],
					"texture": "#3"
				},
				"south": {
					"uv": [8.25, 10.25, 8.5, 11],
					"texture": "#3"
				},
				"west": {
					"uv": [8.25, 10.25, 8.375, 11],
					"texture": "#3"
				},
				"up": {
					"uv": [8.25, 10.25, 8.5, 10.375],
					"texture": "#3"
				},
				"down": {
					"uv": [8.25, 10.875, 8.5, 11],
					"texture": "#3"
				}
			}
		},
		{
			"from": [7.3125, 5.84233, 7.7875],
			"to": [7.4375, 6.46733, 8.2125],
			"rotation": {
				"angle": 0,
				"axis": "y",
				"origin": [0.0625, 0.09233, -0.0625]
			},
			"faces": {
				"north": {
					"uv": [7.375, 10.375, 7.25, 11],
					"texture": "#3"
				},
				"east": {
					"uv": [7.25, 10.375, 7.375, 11],
					"texture": "#3"
				},
				"south": {
					"uv": [7.25, 10.375, 7.375, 11],
					"texture": "#3"
				},
				"west": {
					"uv": [7.25, 10.375, 7.375, 11],
					"texture": "#3"
				},
				"up": {
					"uv": [7.25, 10.375, 7.375, 10.5],
					"texture": "#3"
				},
				"down": {
					"uv": [7.25, 10.875, 7.375, 11],
					"texture": "#3"
				}
			}
		},
		{
			"from": [8.5625, 5.84233, 7.7875],
			"to": [8.6875, 6.46733, 8.2125],
			"rotation": {
				"angle": 0,
				"axis": "y",
				"origin": [0.0625, 0.09233, -0.0625]
			},
			"faces": {
				"north": {
					"uv": [8.625, 10.375, 8.5, 11],
					"texture": "#3"
				},
				"east": {
					"uv": [8.5, 10.375, 8.625, 11],
					"texture": "#3"
				},
				"south": {
					"uv": [8.5, 10.375, 8.625, 11],
					"texture": "#3"
				},
				"west": {
					"uv": [8.5, 10.375, 8.625, 11],
					"texture": "#3"
				},
				"up": {
					"uv": [8.5, 10.375, 8.625, 10.5],
					"texture": "#3"
				},
				"down": {
					"uv": [8.5, 10.875, 8.625, 11],
					"texture": "#3"
				}
			}
		},
		{
			"from": [7.0625, 6.09233, 7.7875],
			"to": [7.3125, 6.34233, 8.2125],
			"rotation": {
				"angle": 0,
				"axis": "y",
				"origin": [0.0625, 0.09233, -0.0625]
			},
			"faces": {
				"north": {
					"uv": [7.25, 10.5, 7, 10.75],
					"texture": "#3"
				},
				"east": {
					"uv": [7.125, 10.5, 7.25, 10.75],
					"texture": "#3"
				},
				"south": {
					"uv": [7, 10.5, 7.25, 10.75],
					"texture": "#3"
				},
				"west": {
					"uv": [7, 10.5, 7.125, 10.75],
					"texture": "#3"
				},
				"up": {
					"uv": [7, 10.5, 7.25, 10.625],
					"texture": "#3"
				},
				"down": {
					"uv": [7, 10.625, 7.25, 10.75],
					"texture": "#3"
				}
			}
		},
		{
			"from": [8.6875, 6.09233, 7.7875],
			"to": [8.9375, 6.34233, 8.2125],
			"rotation": {
				"angle": 0,
				"axis": "y",
				"origin": [0.0625, 0.09233, -0.0625]
			},
			"faces": {
				"north": {
					"uv": [8.875, 10.5, 8.625, 10.75],
					"texture": "#3"
				},
				"east": {
					"uv": [8.75, 10.5, 8.875, 10.75],
					"texture": "#3"
				},
				"south": {
					"uv": [8.625, 10.5, 8.875, 10.75],
					"texture": "#3"
				},
				"west": {
					"uv": [8.625, 10.5, 8.75, 10.75],
					"texture": "#3"
				},
				"up": {
					"uv": [8.625, 10.5, 8.875, 10.625],
					"texture": "#3"
				},
				"down": {
					"uv": [8.625, 10.625, 8.875, 10.75],
					"texture": "#3"
				}
			}
		},
		{
			"from": [7.1875, 5.96733, 7.7875],
			"to": [7.3125, 6.09233, 8.2125],
			"rotation": {
				"angle": 0,
				"axis": "y",
				"origin": [0.0625, 0.09233, -0.0625]
			},
			"faces": {
				"north": {
					"uv": [7.25, 10.75, 7.125, 10.875],
					"texture": "#3"
				},
				"east": {
					"uv": [7.125, 10.75, 7.25, 10.875],
					"texture": "#3"
				},
				"south": {
					"uv": [7.125, 10.75, 7.25, 10.875],
					"texture": "#3"
				},
				"west": {
					"uv": [7.125, 10.75, 7.25, 10.875],
					"texture": "#3"
				},
				"up": {
					"uv": [7.125, 10.75, 7.25, 10.875],
					"texture": "#3"
				},
				"down": {
					"uv": [7.125, 10.75, 7.25, 10.875],
					"texture": "#3"
				}
			}
		},
		{
			"from": [7.6875, 5.96733, 7.7875],
			"to": [7.8125, 6.09233, 8.2125],
			"rotation": {
				"angle": 0,
				"axis": "y",
				"origin": [0.0625, 0.09233, -0.0625]
			},
			"faces": {
				"north": {
					"uv": [7.75, 10.75, 7.625, 10.875],
					"texture": "#3"
				},
				"east": {
					"uv": [7.625, 10.75, 7.75, 10.875],
					"texture": "#3"
				},
				"south": {
					"uv": [7.625, 10.75, 7.75, 10.875],
					"texture": "#3"
				},
				"west": {
					"uv": [7.625, 10.75, 7.75, 10.875],
					"texture": "#3"
				},
				"up": {
					"uv": [7.625, 10.75, 7.75, 10.875],
					"texture": "#3"
				},
				"down": {
					"uv": [7.625, 10.75, 7.75, 10.875],
					"texture": "#3"
				}
			}
		},
		{
			"from": [8.1875, 5.96733, 7.7875],
			"to": [8.3125, 6.09233, 8.2125],
			"rotation": {
				"angle": 0,
				"axis": "y",
				"origin": [0.0625, 0.09233, -0.0625]
			},
			"faces": {
				"north": {
					"uv": [8.25, 10.75, 8.125, 10.875],
					"texture": "#3"
				},
				"east": {
					"uv": [8.125, 10.75, 8.25, 10.875],
					"texture": "#3"
				},
				"south": {
					"uv": [8.125, 10.75, 8.25, 10.875],
					"texture": "#3"
				},
				"west": {
					"uv": [8.125, 10.75, 8.25, 10.875],
					"texture": "#3"
				},
				"up": {
					"uv": [8.125, 10.75, 8.25, 10.875],
					"texture": "#3"
				},
				"down": {
					"uv": [8.125, 10.75, 8.25, 10.875],
					"texture": "#3"
				}
			}
		},
		{
			"from": [8.6875, 5.96733, 7.7875],
			"to": [8.8125, 6.09233, 8.2125],
			"rotation": {
				"angle": 0,
				"axis": "y",
				"origin": [0.0625, 0.09233, -0.0625]
			},
			"faces": {
				"north": {
					"uv": [8.75, 10.75, 8.625, 10.875],
					"texture": "#3"
				},
				"east": {
					"uv": [8.625, 10.75, 8.75, 10.875],
					"texture": "#3"
				},
				"south": {
					"uv": [8.625, 10.75, 8.75, 10.875],
					"texture": "#3"
				},
				"west": {
					"uv": [8.625, 10.75, 8.75, 10.875],
					"texture": "#3"
				},
				"up": {
					"uv": [8.625, 10.75, 8.75, 10.875],
					"texture": "#3"
				},
				"down": {
					"uv": [8.625, 10.75, 8.75, 10.875],
					"texture": "#3"
				}
			}
		},
		{
			"from": [7.8125, 4.09233, 7.8375],
			"to": [8.1875, 6.09233, 8.1625],
			"rotation": {
				"angle": 0,
				"axis": "y",
				"origin": [0.0625, 0.09233, -0.0625]
			},
			"faces": {
				"north": {
					"uv": [8.125, 11, 7.75, 13],
					"texture": "#3"
				},
				"east": {
					"uv": [8, 11, 8.125, 13],
					"texture": "#3"
				},
				"south": {
					"uv": [7.75, 11, 8.125, 13],
					"texture": "#3"
				},
				"west": {
					"uv": [7.75, 11, 7.875, 13],
					"texture": "#3"
				},
				"up": {
					"uv": [7.75, 11, 8.125, 11.125],
					"texture": "#3"
				},
				"down": {
					"uv": [7.75, 12.875, 8.125, 13],
					"texture": "#3"
				}
			}
		},
		{
			"from": [7.6875, 3.34233, 7.7375],
			"to": [8.3125, 4.09233, 8.2625],
			"rotation": {
				"angle": 0,
				"axis": "y",
				"origin": [0.0625, 0.09233, -0.0625]
			},
			"faces": {
				"north": {
					"uv": [8.25, 13.25, 7.625, 14],
					"texture": "#3"
				},
				"east": {
					"uv": [8.25, 13.25, 7.625, 14],
					"texture": "#3"
				},
				"south": {
					"uv": [7.625, 13.25, 8.25, 14],
					"texture": "#3"
				},
				"west": {
					"uv": [8.25, 13.25, 7.625, 14],
					"texture": "#3"
				},
				"up": {
					"uv": [7.625, 13.25, 8.25, 13.375],
					"texture": "#3"
				},
				"down": {
					"uv": [7.625, 13.875, 8.25, 14],
					"texture": "#3"
				}
			}
		}
	]
}