{
	"textures": {
		"3": "animated_java:blueprint/ghost/demonlordsword",
		"particle": "minecraft:item/pufferfish"
	},
	"display": {
		"head": {
			"rotation": [0, 180, 0]
		}
	},
	"elements": [
		{
			"from": [7.875, 12.25, 8],
			"to": [8, 12.875, 8.125],
			"rotation": {
				"angle": 0,
				"axis": "y",
				"origin": [0, 0, 0]
			},
			"faces": {
				"north": {
					"uv": [8, 3.125, 7.875, 3.75],
					"texture": "#3"
				},
				"east": {
					"uv": [7.875, 3.125, 8, 3.75],
					"texture": "#3"
				},
				"south": {
					"uv": [7.875, 3.125, 8, 3.75],
					"texture": "#3"
				},
				"west": {
					"uv": [7.875, 3.125, 8, 3.75],
					"texture": "#3"
				},
				"up": {
					"uv": [7.875, 3.125, 8, 3.25],
					"texture": "#3"
				},
				"down": {
					"uv": [7.875, 3.625, 8, 3.75],
					"texture": "#3"
				}
			}
		},
		{
			"from": [7.75, 12, 8],
			"to": [7.875, 12.625, 8.125],
			"rotation": {
				"angle": 0,
				"axis": "y",
				"origin": [0, 0, 0]
			},
			"faces": {
				"north": {
					"uv": [7.875, 3.375, 7.75, 4],
					"texture": "#3"
				},
				"east": {
					"uv": [7.75, 3.375, 7.875, 4],
					"texture": "#3"
				},
				"south": {
					"uv": [7.75, 3.375, 7.875, 4],
					"texture": "#3"
				},
				"west": {
					"uv": [7.75, 3.375, 7.875, 4],
					"texture": "#3"
				},
				"up": {
					"uv": [7.75, 3.375, 7.875, 3.5],
					"texture": "#3"
				},
				"down": {
					"uv": [7.75, 3.875, 7.875, 4],
					"texture": "#3"
				}
			}
		},
		{
			"from": [8, 12, 8],
			"to": [8.125, 12.625, 8.125],
			"rotation": {
				"angle": 0,
				"axis": "y",
				"origin": [0, 0, 0]
			},
			"faces": {
				"north": {
					"uv": [8.125, 3.375, 8, 4],
					"texture": "#3"
				},
				"east": {
					"uv": [8, 3.375, 8.125, 4],
					"texture": "#3"
				},
				"south": {
					"uv": [8, 3.375, 8.125, 4],
					"texture": "#3"
				},
				"west": {
					"uv": [8, 3.375, 8.125, 4],
					"texture": "#3"
				},
				"up": {
					"uv": [8, 3.375, 8.125, 3.5],
					"texture": "#3"
				},
				"down": {
					"uv": [8, 3.875, 8.125, 4],
					"texture": "#3"
				}
			}
		},
		{
			"from": [7.625, 11.75, 8],
			"to": [7.75, 12.25, 8.125],
			"rotation": {
				"angle": 0,
				"axis": "y",
				"origin": [0, 0, 0]
			},
			"faces": {
				"north": {
					"uv": [7.75, 3.75, 7.625, 4.25],
					"texture": "#3"
				},
				"east": {
					"uv": [7.625, 3.75, 7.75, 4.25],
					"texture": "#3"
				},
				"south": {
					"uv": [7.625, 3.75, 7.75, 4.25],
					"texture": "#3"
				},
				"west": {
					"uv": [7.625, 3.75, 7.75, 4.25],
					"texture": "#3"
				},
				"up": {
					"uv": [7.625, 3.75, 7.75, 3.875],
					"texture": "#3"
				},
				"down": {
					"uv": [7.625, 4.125, 7.75, 4.25],
					"texture": "#3"
				}
			}
		},
		{
			"from": [8.125, 11.875, 8],
			"to": [8.25, 12.25, 8.125],
			"rotation": {
				"angle": 0,
				"axis": "y",
				"origin": [0, 0, 0]
			},
			"faces": {
				"north": {
					"uv": [8.25, 3.75, 8.125, 4.125],
					"texture": "#3"
				},
				"east": {
					"uv": [8.125, 3.75, 8.25, 4.125],
					"texture": "#3"
				},
				"south": {
					"uv": [8.125, 3.75, 8.25, 4.125],
					"texture": "#3"
				},
				"west": {
					"uv": [8.125, 3.75, 8.25, 4.125],
					"texture": "#3"
				},
				"up": {
					"uv": [8.125, 3.75, 8.25, 3.875],
					"texture": "#3"
				},
				"down": {
					"uv": [8.125, 4, 8.25, 4.125],
					"texture": "#3"
				}
			}
		},
		{
			"from": [7.875, 7.25, 7.95],
			"to": [8, 12.25, 8.175],
			"rotation": {
				"angle": 0,
				"axis": "y",
				"origin": [0, 0, 0]
			},
			"faces": {
				"north": {
					"uv": [9.25, 3.75, 9.125, 8.75],
					"texture": "#3"
				},
				"east": {
					"uv": [9.125, 3.75, 9.25, 8.75],
					"texture": "#3"
				},
				"south": {
					"uv": [9.125, 3.75, 9.25, 8.75],
					"texture": "#3"
				},
				"west": {
					"uv": [9.125, 3.75, 9.25, 8.75],
					"texture": "#3"
				},
				"up": {
					"uv": [9.125, 3.75, 9.25, 3.875],
					"texture": "#3"
				},
				"down": {
					"uv": [9.125, 8.625, 9.25, 8.75],
					"texture": "#3"
				}
			}
		},
		{
			"from": [7.75, 7.125, 7.95],
			"to": [7.875, 12, 8.175],
			"rotation": {
				"angle": 0,
				"axis": "y",
				"origin": [0, 0, 0]
			},
			"faces": {
				"north": {
					"uv": [9.125, 4, 9, 8.875],
					"texture": "#3"
				},
				"east": {
					"uv": [9, 4, 9.125, 8.875],
					"texture": "#3"
				},
				"south": {
					"uv": [9, 4, 9.125, 8.875],
					"texture": "#3"
				},
				"west": {
					"uv": [9, 4, 9.125, 8.875],
					"texture": "#3"
				},
				"up": {
					"uv": [9, 4, 9.125, 4.125],
					"texture": "#3"
				},
				"down": {
					"uv": [9, 8.75, 9.125, 8.875],
					"texture": "#3"
				}
			}
		},
		{
			"from": [8, 7.125, 7.95],
			"to": [8.125, 12, 8.175],
			"rotation": {
				"angle": 0,
				"axis": "y",
				"origin": [0, 0, 0]
			},
			"faces": {
				"north": {
					"uv": [9.375, 4, 9.25, 8.875],
					"texture": "#3"
				},
				"east": {
					"uv": [9.25, 4, 9.375, 8.875],
					"texture": "#3"
				},
				"south": {
					"uv": [9.25, 4, 9.375, 8.875],
					"texture": "#3"
				},
				"west": {
					"uv": [9.25, 4, 9.375, 8.875],
					"texture": "#3"
				},
				"up": {
					"uv": [9.25, 4, 9.375, 4.125],
					"texture": "#3"
				},
				"down": {
					"uv": [9.25, 8.75, 9.375, 8.875],
					"texture": "#3"
				}
			}
		},
		{
			"from": [7.5, 10.625, 8],
			"to": [7.625, 11.875, 8.125],
			"rotation": {
				"angle": 0,
				"axis": "y",
				"origin": [0, 0, 0]
			},
			"faces": {
				"north": {
					"uv": [7.625, 4.125, 7.5, 5.375],
					"texture": "#3"
				},
				"east": {
					"uv": [7.5, 4.125, 7.625, 5.375],
					"texture": "#3"
				},
				"south": {
					"uv": [7.5, 4.125, 7.625, 5.375],
					"texture": "#3"
				},
				"west": {
					"uv": [7.5, 4.125, 7.625, 5.375],
					"texture": "#3"
				},
				"up": {
					"uv": [7.5, 4.125, 7.625, 4.25],
					"texture": "#3"
				},
				"down": {
					"uv": [7.5, 5.25, 7.625, 5.375],
					"texture": "#3"
				}
			}
		},
		{
			"from": [8.25, 10.625, 8],
			"to": [8.375, 11.875, 8.125],
			"rotation": {
				"angle": 0,
				"axis": "y",
				"origin": [0, 0, 0]
			},
			"faces": {
				"north": {
					"uv": [8.375, 4.125, 8.25, 5.375],
					"texture": "#3"
				},
				"east": {
					"uv": [8.25, 4.125, 8.375, 5.375],
					"texture": "#3"
				},
				"south": {
					"uv": [8.25, 4.125, 8.375, 5.375],
					"texture": "#3"
				},
				"west": {
					"uv": [8.25, 4.125, 8.375, 5.375],
					"texture": "#3"
				},
				"up": {
					"uv": [8.25, 4.125, 8.375, 4.25],
					"texture": "#3"
				},
				"down": {
					"uv": [8.25, 5.25, 8.375, 5.375],
					"texture": "#3"
				}
			}
		},
		{
			"from": [8.125, 10.875, 7.95],
			"to": [8.25, 11.875, 8.175],
			"rotation": {
				"angle": 0,
				"axis": "y",
				"origin": [0, 0, 0]
			},
			"faces": {
				"north": {
					"uv": [9.5, 4.125, 9.375, 5.125],
					"texture": "#3"
				},
				"east": {
					"uv": [9.375, 4.125, 9.5, 5.125],
					"texture": "#3"
				},
				"south": {
					"uv": [9.375, 4.125, 9.5, 5.125],
					"texture": "#3"
				},
				"west": {
					"uv": [9.375, 4.125, 9.5, 5.125],
					"texture": "#3"
				},
				"up": {
					"uv": [9.375, 4.125, 9.5, 4.25],
					"texture": "#3"
				},
				"down": {
					"uv": [9.375, 5, 9.5, 5.125],
					"texture": "#3"
				}
			}
		},
		{
			"from": [7.625, 10.875, 7.95],
			"to": [7.75, 11.75, 8.175],
			"rotation": {
				"angle": 0,
				"axis": "y",
				"origin": [0, 0, 0]
			},
			"faces": {
				"north": {
					"uv": [9, 4.25, 8.875, 5.125],
					"texture": "#3"
				},
				"east": {
					"uv": [8.875, 4.25, 9, 5.125],
					"texture": "#3"
				},
				"south": {
					"uv": [8.875, 4.25, 9, 5.125],
					"texture": "#3"
				},
				"west": {
					"uv": [8.875, 4.25, 9, 5.125],
					"texture": "#3"
				},
				"up": {
					"uv": [8.875, 4.25, 9, 4.375],
					"texture": "#3"
				},
				"down": {
					"uv": [8.875, 5, 9, 5.125],
					"texture": "#3"
				}
			}
		},
		{
			"from": [7.625, 7.5, 8],
			"to": [7.75, 10.875, 8.125],
			"rotation": {
				"angle": 0,
				"axis": "y",
				"origin": [0, 0, 0]
			},
			"faces": {
				"north": {
					"uv": [7.75, 5.125, 7.625, 8.5],
					"texture": "#3"
				},
				"east": {
					"uv": [7.625, 5.125, 7.75, 8.5],
					"texture": "#3"
				},
				"south": {
					"uv": [7.625, 5.125, 7.75, 8.5],
					"texture": "#3"
				},
				"west": {
					"uv": [7.625, 5.125, 7.75, 8.5],
					"texture": "#3"
				},
				"up": {
					"uv": [7.625, 5.125, 7.75, 5.25],
					"texture": "#3"
				},
				"down": {
					"uv": [7.625, 8.375, 7.75, 8.5],
					"texture": "#3"
				}
			}
		},
		{
			"from": [8.125, 7.5, 8],
			"to": [8.25, 10.875, 8.125],
			"rotation": {
				"angle": 0,
				"axis": "y",
				"origin": [0, 0, 0]
			},
			"faces": {
				"north": {
					"uv": [8.25, 5.125, 8.125, 8.5],
					"texture": "#3"
				},
				"east": {
					"uv": [8.125, 5.125, 8.25, 8.5],
					"texture": "#3"
				},
				"south": {
					"uv": [8.125, 5.125, 8.25, 8.5],
					"texture": "#3"
				},
				"west": {
					"uv": [8.125, 5.125, 8.25, 8.5],
					"texture": "#3"
				},
				"up": {
					"uv": [8.125, 5.125, 8.25, 5.25],
					"texture": "#3"
				},
				"down": {
					"uv": [8.125, 8.375, 8.25, 8.5],
					"texture": "#3"
				}
			}
		},
		{
			"from": [7.5, 6.875, 8],
			"to": [7.625, 8, 8.125],
			"rotation": {
				"angle": 0,
				"axis": "y",
				"origin": [0, 0, 0]
			},
			"faces": {
				"north": {
					"uv": [7.625, 8, 7.5, 9.125],
					"texture": "#3"
				},
				"east": {
					"uv": [7.5, 8, 7.625, 9.125],
					"texture": "#3"
				},
				"south": {
					"uv": [7.5, 8, 7.625, 9.125],
					"texture": "#3"
				},
				"west": {
					"uv": [7.5, 8, 7.625, 9.125],
					"texture": "#3"
				},
				"up": {
					"uv": [7.5, 8, 7.625, 8.125],
					"texture": "#3"
				},
				"down": {
					"uv": [7.5, 9, 7.625, 9.125],
					"texture": "#3"
				}
			}
		},
		{
			"from": [8.25, 6.875, 8],
			"to": [8.375, 8, 8.125],
			"rotation": {
				"angle": 0,
				"axis": "y",
				"origin": [0, 0, 0]
			},
			"faces": {
				"north": {
					"uv": [8.375, 8, 8.25, 9.125],
					"texture": "#3"
				},
				"east": {
					"uv": [8.25, 8, 8.375, 9.125],
					"texture": "#3"
				},
				"south": {
					"uv": [8.25, 8, 8.375, 9.125],
					"texture": "#3"
				},
				"west": {
					"uv": [8.25, 8, 8.375, 9.125],
					"texture": "#3"
				},
				"up": {
					"uv": [8.25, 8, 8.375, 8.125],
					"texture": "#3"
				},
				"down": {
					"uv": [8.25, 9, 8.375, 9.125],
					"texture": "#3"
				}
			}
		},
		{
			"from": [7.375, 7, 8],
			"to": [7.5, 7.5, 8.125],
			"rotation": {
				"angle": 0,
				"axis": "y",
				"origin": [0, 0, 0]
			},
			"faces": {
				"north": {
					"uv": [7.5, 8.5, 7.375, 9],
					"texture": "#3"
				},
				"east": {
					"uv": [7.375, 8.5, 7.5, 9],
					"texture": "#3"
				},
				"south": {
					"uv": [7.375, 8.5, 7.5, 9],
					"texture": "#3"
				},
				"west": {
					"uv": [7.375, 8.5, 7.5, 9],
					"texture": "#3"
				},
				"up": {
					"uv": [7.375, 8.5, 7.5, 8.625],
					"texture": "#3"
				},
				"down": {
					"uv": [7.375, 8.875, 7.5, 9],
					"texture": "#3"
				}
			}
		},
		{
			"from": [8.375, 7, 8],
			"to": [8.5, 7.5, 8.125],
			"rotation": {
				"angle": 0,
				"axis": "y",
				"origin": [0, 0, 0]
			},
			"faces": {
				"north": {
					"uv": [8.5, 8.5, 8.375, 9],
					"texture": "#3"
				},
				"east": {
					"uv": [8.375, 8.5, 8.5, 9],
					"texture": "#3"
				},
				"south": {
					"uv": [8.375, 8.5, 8.5, 9],
					"texture": "#3"
				},
				"west": {
					"uv": [8.375, 8.5, 8.5, 9],
					"texture": "#3"
				},
				"up": {
					"uv": [8.375, 8.5, 8.5, 8.625],
					"texture": "#3"
				},
				"down": {
					"uv": [8.375, 8.875, 8.5, 9],
					"texture": "#3"
				}
			}
		},
		{
			"from": [7.625, 7.125, 7.95],
			"to": [7.75, 7.5, 8.175],
			"rotation": {
				"angle": 0,
				"axis": "y",
				"origin": [0, 0, 0]
			},
			"faces": {
				"north": {
					"uv": [9, 8.5, 8.875, 8.875],
					"texture": "#3"
				},
				"east": {
					"uv": [8.875, 8.5, 9, 8.875],
					"texture": "#3"
				},
				"south": {
					"uv": [8.875, 8.5, 9, 8.875],
					"texture": "#3"
				},
				"west": {
					"uv": [8.875, 8.5, 9, 8.875],
					"texture": "#3"
				},
				"up": {
					"uv": [8.875, 8.5, 9, 8.625],
					"texture": "#3"
				},
				"down": {
					"uv": [8.875, 8.75, 9, 8.875],
					"texture": "#3"
				}
			}
		},
		{
			"from": [8.125, 7.125, 7.95],
			"to": [8.25, 7.5, 8.175],
			"rotation": {
				"angle": 0,
				"axis": "y",
				"origin": [0, 0, 0]
			},
			"faces": {
				"north": {
					"uv": [9.5, 8.5, 9.375, 8.875],
					"texture": "#3"
				},
				"east": {
					"uv": [9.375, 8.5, 9.5, 8.875],
					"texture": "#3"
				},
				"south": {
					"uv": [9.375, 8.5, 9.5, 8.875],
					"texture": "#3"
				},
				"west": {
					"uv": [9.375, 8.5, 9.5, 8.875],
					"texture": "#3"
				},
				"up": {
					"uv": [9.375, 8.5, 9.5, 8.625],
					"texture": "#3"
				},
				"down": {
					"uv": [9.375, 8.75, 9.5, 8.875],
					"texture": "#3"
				}
			}
		},
		{
			"from": [7.25, 7, 8],
			"to": [7.375, 7.125, 8.125],
			"rotation": {
				"angle": 0,
				"axis": "y",
				"origin": [0, 0, 0]
			},
			"faces": {
				"north": {
					"uv": [7.375, 8.875, 7.25, 9],
					"texture": "#3"
				},
				"east": {
					"uv": [7.25, 8.875, 7.375, 9],
					"texture": "#3"
				},
				"south": {
					"uv": [7.25, 8.875, 7.375, 9],
					"texture": "#3"
				},
				"west": {
					"uv": [7.25, 8.875, 7.375, 9],
					"texture": "#3"
				},
				"up": {
					"uv": [7.25, 8.875, 7.375, 9],
					"texture": "#3"
				},
				"down": {
					"uv": [7.25, 8.875, 7.375, 9],
					"texture": "#3"
				}
			}
		},
		{
			"from": [7.625, 6.625, 8],
			"to": [7.75, 7.125, 8.125],
			"rotation": {
				"angle": 0,
				"axis": "y",
				"origin": [0, 0, 0]
			},
			"faces": {
				"north": {
					"uv": [7.75, 8.875, 7.625, 9.375],
					"texture": "#3"
				},
				"east": {
					"uv": [7.625, 8.875, 7.75, 9.375],
					"texture": "#3"
				},
				"south": {
					"uv": [7.625, 8.875, 7.75, 9.375],
					"texture": "#3"
				},
				"west": {
					"uv": [7.625, 8.875, 7.75, 9.375],
					"texture": "#3"
				},
				"up": {
					"uv": [7.625, 8.875, 7.75, 9],
					"texture": "#3"
				},
				"down": {
					"uv": [7.625, 9.25, 7.75, 9.375],
					"texture": "#3"
				}
			}
		},
		{
			"from": [8.125, 6.625, 8],
			"to": [8.25, 7.125, 8.125],
			"rotation": {
				"angle": 0,
				"axis": "y",
				"origin": [0, 0, 0]
			},
			"faces": {
				"north": {
					"uv": [8.25, 8.875, 8.125, 9.375],
					"texture": "#3"
				},
				"east": {
					"uv": [8.125, 8.875, 8.25, 9.375],
					"texture": "#3"
				},
				"south": {
					"uv": [8.125, 8.875, 8.25, 9.375],
					"texture": "#3"
				},
				"west": {
					"uv": [8.125, 8.875, 8.25, 9.375],
					"texture": "#3"
				},
				"up": {
					"uv": [8.125, 8.875, 8.25, 9],
					"texture": "#3"
				},
				"down": {
					"uv": [8.125, 9.25, 8.25, 9.375],
					"texture": "#3"
				}
			}
		},
		{
			"from": [8.5, 7, 8],
			"to": [8.625, 7.125, 8.125],
			"rotation": {
				"angle": 0,
				"axis": "y",
				"origin": [0, 0, 0]
			},
			"faces": {
				"north": {
					"uv": [8.625, 8.875, 8.5, 9],
					"texture": "#3"
				},
				"east": {
					"uv": [8.5, 8.875, 8.625, 9],
					"texture": "#3"
				},
				"south": {
					"uv": [8.5, 8.875, 8.625, 9],
					"texture": "#3"
				},
				"west": {
					"uv": [8.5, 8.875, 8.625, 9],
					"texture": "#3"
				},
				"up": {
					"uv": [8.5, 8.875, 8.625, 9],
					"texture": "#3"
				},
				"down": {
					"uv": [8.5, 8.875, 8.625, 9],
					"texture": "#3"
				}
			}
		},
		{
			"from": [7.5, 6.5, 8],
			"to": [7.625, 6.75, 8.125],
			"rotation": {
				"angle": 0,
				"axis": "y",
				"origin": [0, 0, 0]
			},
			"faces": {
				"north": {
					"uv": [7.625, 9.25, 7.5, 9.5],
					"texture": "#3"
				},
				"east": {
					"uv": [7.5, 9.25, 7.625, 9.5],
					"texture": "#3"
				},
				"south": {
					"uv": [7.5, 9.25, 7.625, 9.5],
					"texture": "#3"
				},
				"west": {
					"uv": [7.5, 9.25, 7.625, 9.5],
					"texture": "#3"
				},
				"up": {
					"uv": [7.5, 9.25, 7.625, 9.375],
					"texture": "#3"
				},
				"down": {
					"uv": [7.5, 9.375, 7.625, 9.5],
					"texture": "#3"
				}
			}
		},
		{
			"from": [7.875, 6.625, 7.9],
			"to": [8, 7.25, 8.225],
			"rotation": {
				"angle": 0,
				"axis": "y",
				"origin": [0, 0, 0]
			},
			"faces": {
				"north": {
					"uv": [8, 9.25, 7.875, 9.875],
					"texture": "#3"
				},
				"east": {
					"uv": [7.875, 9.25, 8, 9.875],
					"texture": "#3"
				},
				"south": {
					"uv": [7.875, 9.25, 8, 9.875],
					"texture": "#3"
				},
				"west": {
					"uv": [7.875, 9.25, 8, 9.875],
					"texture": "#3"
				},
				"up": {
					"uv": [7.875, 9.25, 8, 9.375],
					"texture": "#3"
				},
				"down": {
					"uv": [7.875, 9.75, 8, 9.875],
					"texture": "#3"
				}
			}
		},
		{
			"from": [8.25, 6.5, 8],
			"to": [8.375, 6.75, 8.125],
			"rotation": {
				"angle": 0,
				"axis": "y",
				"origin": [0, 0, 0]
			},
			"faces": {
				"north": {
					"uv": [8.375, 9.25, 8.25, 9.5],
					"texture": "#3"
				},
				"east": {
					"uv": [8.25, 9.25, 8.375, 9.5],
					"texture": "#3"
				},
				"south": {
					"uv": [8.25, 9.25, 8.375, 9.5],
					"texture": "#3"
				},
				"west": {
					"uv": [8.25, 9.25, 8.375, 9.5],
					"texture": "#3"
				},
				"up": {
					"uv": [8.25, 9.25, 8.375, 9.375],
					"texture": "#3"
				},
				"down": {
					"uv": [8.25, 9.375, 8.375, 9.5],
					"texture": "#3"
				}
			}
		},
		{
			"from": [7.375, 6.5, 8],
			"to": [7.5, 6.625, 8.125],
			"rotation": {
				"angle": 0,
				"axis": "y",
				"origin": [0, 0, 0]
			},
			"faces": {
				"north": {
					"uv": [7.5, 9.375, 7.375, 9.5],
					"texture": "#3"
				},
				"east": {
					"uv": [7.375, 9.375, 7.5, 9.5],
					"texture": "#3"
				},
				"south": {
					"uv": [7.375, 9.375, 7.5, 9.5],
					"texture": "#3"
				},
				"west": {
					"uv": [7.375, 9.375, 7.5, 9.5],
					"texture": "#3"
				},
				"up": {
					"uv": [7.375, 9.375, 7.5, 9.5],
					"texture": "#3"
				},
				"down": {
					"uv": [7.375, 9.375, 7.5, 9.5],
					"texture": "#3"
				}
			}
		},
		{
			"from": [7.75, 6.625, 7.9],
			"to": [7.875, 7.125, 8.225],
			"rotation": {
				"angle": 0,
				"axis": "y",
				"origin": [0, 0, 0]
			},
			"faces": {
				"north": {
					"uv": [7.875, 9.375, 7.75, 9.875],
					"texture": "#3"
				},
				"east": {
					"uv": [7.75, 9.375, 7.875, 9.875],
					"texture": "#3"
				},
				"south": {
					"uv": [7.75, 9.375, 7.875, 9.875],
					"texture": "#3"
				},
				"west": {
					"uv": [7.75, 9.375, 7.875, 9.875],
					"texture": "#3"
				},
				"up": {
					"uv": [7.75, 9.375, 7.875, 9.5],
					"texture": "#3"
				},
				"down": {
					"uv": [7.75, 9.75, 7.875, 9.875],
					"texture": "#3"
				}
			}
		},
		{
			"from": [8, 6.625, 7.9],
			"to": [8.125, 7.125, 8.225],
			"rotation": {
				"angle": 0,
				"axis": "y",
				"origin": [0, 0, 0]
			},
			"faces": {
				"north": {
					"uv": [8.125, 9.375, 8, 9.875],
					"texture": "#3"
				},
				"east": {
					"uv": [8, 9.375, 8.125, 9.875],
					"texture": "#3"
				},
				"south": {
					"uv": [8, 9.375, 8.125, 9.875],
					"texture": "#3"
				},
				"west": {
					"uv": [8, 9.375, 8.125, 9.875],
					"texture": "#3"
				},
				"up": {
					"uv": [8, 9.375, 8.125, 9.5],
					"texture": "#3"
				},
				"down": {
					"uv": [8, 9.75, 8.125, 9.875],
					"texture": "#3"
				}
			}
		},
		{
			"from": [8.375, 6.5, 8],
			"to": [8.5, 6.625, 8.125],
			"rotation": {
				"angle": 0,
				"axis": "y",
				"origin": [0, 0, 0]
			},
			"faces": {
				"north": {
					"uv": [8.5, 9.375, 8.375, 9.5],
					"texture": "#3"
				},
				"east": {
					"uv": [8.375, 9.375, 8.5, 9.5],
					"texture": "#3"
				},
				"south": {
					"uv": [8.375, 9.375, 8.5, 9.5],
					"texture": "#3"
				},
				"west": {
					"uv": [8.375, 9.375, 8.5, 9.5],
					"texture": "#3"
				},
				"up": {
					"uv": [8.375, 9.375, 8.5, 9.5],
					"texture": "#3"
				},
				"down": {
					"uv": [8.375, 9.375, 8.5, 9.5],
					"texture": "#3"
				}
			}
		},
		{
			"from": [7.625, 6, 7.85],
			"to": [8.25, 6.625, 8.275],
			"rotation": {
				"angle": 0,
				"axis": "y",
				"origin": [0, 0, 0]
			},
			"faces": {
				"north": {
					"uv": [8.25, 10.125, 7.625, 10.75],
					"texture": "#3"
				},
				"east": {
					"uv": [8.125, 10.125, 8.25, 10.75],
					"texture": "#3"
				},
				"south": {
					"uv": [7.625, 10.125, 8.25, 10.75],
					"texture": "#3"
				},
				"west": {
					"uv": [7.625, 10.125, 7.75, 10.75],
					"texture": "#3"
				},
				"up": {
					"uv": [7.625, 10.125, 8.25, 10.25],
					"texture": "#3"
				},
				"down": {
					"uv": [7.625, 10.625, 8.25, 10.75],
					"texture": "#3"
				}
			}
		},
		{
			"from": [7.375, 5.75, 7.85],
			"to": [7.625, 6.5, 8.275],
			"rotation": {
				"angle": 0,
				"axis": "y",
				"origin": [0, 0, 0]
			},
			"faces": {
				"north": {
					"uv": [7.625, 10.25, 7.375, 11],
					"texture": "#3"
				},
				"east": {
					"uv": [7.5, 10.25, 7.625, 11],
					"texture": "#3"
				},
				"south": {
					"uv": [7.375, 10.25, 7.625, 11],
					"texture": "#3"
				},
				"west": {
					"uv": [7.375, 10.25, 7.5, 11],
					"texture": "#3"
				},
				"up": {
					"uv": [7.375, 10.25, 7.625, 10.375],
					"texture": "#3"
				},
				"down": {
					"uv": [7.375, 10.875, 7.625, 11],
					"texture": "#3"
				}
			}
		},
		{
			"from": [8.25, 5.75, 7.85],
			"to": [8.5, 6.5, 8.275],
			"rotation": {
				"angle": 0,
				"axis": "y",
				"origin": [0, 0, 0]
			},
			"faces": {
				"north": {
					"uv": [8.5, 10.25, 8.25, 11],
					"texture": "#3"
				},
				"east": {
					"uv": [8.375, 10.25, 8.5, 11],
					"texture": "#3"
				},
				"south": {
					"uv": [8.25, 10.25, 8.5, 11],
					"texture": "#3"
				},
				"west": {
					"uv": [8.25, 10.25, 8.375, 11],
					"texture": "#3"
				},
				"up": {
					"uv": [8.25, 10.25, 8.5, 10.375],
					"texture": "#3"
				},
				"down": {
					"uv": [8.25, 10.875, 8.5, 11],
					"texture": "#3"
				}
			}
		},
		{
			"from": [7.25, 5.75, 7.85],
			"to": [7.375, 6.375, 8.275],
			"rotation": {
				"angle": 0,
				"axis": "y",
				"origin": [0, 0, 0]
			},
			"faces": {
				"north": {
					"uv": [7.375, 10.375, 7.25, 11],
					"texture": "#3"
				},
				"east": {
					"uv": [7.25, 10.375, 7.375, 11],
					"texture": "#3"
				},
				"south": {
					"uv": [7.25, 10.375, 7.375, 11],
					"texture": "#3"
				},
				"west": {
					"uv": [7.25, 10.375, 7.375, 11],
					"texture": "#3"
				},
				"up": {
					"uv": [7.25, 10.375, 7.375, 10.5],
					"texture": "#3"
				},
				"down": {
					"uv": [7.25, 10.875, 7.375, 11],
					"texture": "#3"
				}
			}
		},
		{
			"from": [8.5, 5.75, 7.85],
			"to": [8.625, 6.375, 8.275],
			"rotation": {
				"angle": 0,
				"axis": "y",
				"origin": [0, 0, 0]
			},
			"faces": {
				"north": {
					"uv": [8.625, 10.375, 8.5, 11],
					"texture": "#3"
				},
				"east": {
					"uv": [8.5, 10.375, 8.625, 11],
					"texture": "#3"
				},
				"south": {
					"uv": [8.5, 10.375, 8.625, 11],
					"texture": "#3"
				},
				"west": {
					"uv": [8.5, 10.375, 8.625, 11],
					"texture": "#3"
				},
				"up": {
					"uv": [8.5, 10.375, 8.625, 10.5],
					"texture": "#3"
				},
				"down": {
					"uv": [8.5, 10.875, 8.625, 11],
					"texture": "#3"
				}
			}
		},
		{
			"from": [7, 6, 7.85],
			"to": [7.25, 6.25, 8.275],
			"rotation": {
				"angle": 0,
				"axis": "y",
				"origin": [0, 0, 0]
			},
			"faces": {
				"north": {
					"uv": [7.25, 10.5, 7, 10.75],
					"texture": "#3"
				},
				"east": {
					"uv": [7.125, 10.5, 7.25, 10.75],
					"texture": "#3"
				},
				"south": {
					"uv": [7, 10.5, 7.25, 10.75],
					"texture": "#3"
				},
				"west": {
					"uv": [7, 10.5, 7.125, 10.75],
					"texture": "#3"
				},
				"up": {
					"uv": [7, 10.5, 7.25, 10.625],
					"texture": "#3"
				},
				"down": {
					"uv": [7, 10.625, 7.25, 10.75],
					"texture": "#3"
				}
			}
		},
		{
			"from": [8.625, 6, 7.85],
			"to": [8.875, 6.25, 8.275],
			"rotation": {
				"angle": 0,
				"axis": "y",
				"origin": [0, 0, 0]
			},
			"faces": {
				"north": {
					"uv": [8.875, 10.5, 8.625, 10.75],
					"texture": "#3"
				},
				"east": {
					"uv": [8.75, 10.5, 8.875, 10.75],
					"texture": "#3"
				},
				"south": {
					"uv": [8.625, 10.5, 8.875, 10.75],
					"texture": "#3"
				},
				"west": {
					"uv": [8.625, 10.5, 8.75, 10.75],
					"texture": "#3"
				},
				"up": {
					"uv": [8.625, 10.5, 8.875, 10.625],
					"texture": "#3"
				},
				"down": {
					"uv": [8.625, 10.625, 8.875, 10.75],
					"texture": "#3"
				}
			}
		},
		{
			"from": [7.125, 5.875, 7.85],
			"to": [7.25, 6, 8.275],
			"rotation": {
				"angle": 0,
				"axis": "y",
				"origin": [0, 0, 0]
			},
			"faces": {
				"north": {
					"uv": [7.25, 10.75, 7.125, 10.875],
					"texture": "#3"
				},
				"east": {
					"uv": [7.125, 10.75, 7.25, 10.875],
					"texture": "#3"
				},
				"south": {
					"uv": [7.125, 10.75, 7.25, 10.875],
					"texture": "#3"
				},
				"west": {
					"uv": [7.125, 10.75, 7.25, 10.875],
					"texture": "#3"
				},
				"up": {
					"uv": [7.125, 10.75, 7.25, 10.875],
					"texture": "#3"
				},
				"down": {
					"uv": [7.125, 10.75, 7.25, 10.875],
					"texture": "#3"
				}
			}
		},
		{
			"from": [7.625, 5.875, 7.85],
			"to": [7.75, 6, 8.275],
			"rotation": {
				"angle": 0,
				"axis": "y",
				"origin": [0, 0, 0]
			},
			"faces": {
				"north": {
					"uv": [7.75, 10.75, 7.625, 10.875],
					"texture": "#3"
				},
				"east": {
					"uv": [7.625, 10.75, 7.75, 10.875],
					"texture": "#3"
				},
				"south": {
					"uv": [7.625, 10.75, 7.75, 10.875],
					"texture": "#3"
				},
				"west": {
					"uv": [7.625, 10.75, 7.75, 10.875],
					"texture": "#3"
				},
				"up": {
					"uv": [7.625, 10.75, 7.75, 10.875],
					"texture": "#3"
				},
				"down": {
					"uv": [7.625, 10.75, 7.75, 10.875],
					"texture": "#3"
				}
			}
		},
		{
			"from": [8.125, 5.875, 7.85],
			"to": [8.25, 6, 8.275],
			"rotation": {
				"angle": 0,
				"axis": "y",
				"origin": [0, 0, 0]
			},
			"faces": {
				"north": {
					"uv": [8.25, 10.75, 8.125, 10.875],
					"texture": "#3"
				},
				"east": {
					"uv": [8.125, 10.75, 8.25, 10.875],
					"texture": "#3"
				},
				"south": {
					"uv": [8.125, 10.75, 8.25, 10.875],
					"texture": "#3"
				},
				"west": {
					"uv": [8.125, 10.75, 8.25, 10.875],
					"texture": "#3"
				},
				"up": {
					"uv": [8.125, 10.75, 8.25, 10.875],
					"texture": "#3"
				},
				"down": {
					"uv": [8.125, 10.75, 8.25, 10.875],
					"texture": "#3"
				}
			}
		},
		{
			"from": [8.625, 5.875, 7.85],
			"to": [8.75, 6, 8.275],
			"rotation": {
				"angle": 0,
				"axis": "y",
				"origin": [0, 0, 0]
			},
			"faces": {
				"north": {
					"uv": [8.75, 10.75, 8.625, 10.875],
					"texture": "#3"
				},
				"east": {
					"uv": [8.625, 10.75, 8.75, 10.875],
					"texture": "#3"
				},
				"south": {
					"uv": [8.625, 10.75, 8.75, 10.875],
					"texture": "#3"
				},
				"west": {
					"uv": [8.625, 10.75, 8.75, 10.875],
					"texture": "#3"
				},
				"up": {
					"uv": [8.625, 10.75, 8.75, 10.875],
					"texture": "#3"
				},
				"down": {
					"uv": [8.625, 10.75, 8.75, 10.875],
					"texture": "#3"
				}
			}
		},
		{
			"from": [7.75, 4, 7.9],
			"to": [8.125, 6, 8.225],
			"rotation": {
				"angle": 0,
				"axis": "y",
				"origin": [0, 0, 0]
			},
			"faces": {
				"north": {
					"uv": [8.125, 11, 7.75, 13],
					"texture": "#3"
				},
				"east": {
					"uv": [8, 11, 8.125, 13],
					"texture": "#3"
				},
				"south": {
					"uv": [7.75, 11, 8.125, 13],
					"texture": "#3"
				},
				"west": {
					"uv": [7.75, 11, 7.875, 13],
					"texture": "#3"
				},
				"up": {
					"uv": [7.75, 11, 8.125, 11.125],
					"texture": "#3"
				},
				"down": {
					"uv": [7.75, 12.875, 8.125, 13],
					"texture": "#3"
				}
			}
		},
		{
			"from": [7.625, 3.25, 7.8],
			"to": [8.25, 4, 8.325],
			"rotation": {
				"angle": 0,
				"axis": "y",
				"origin": [0, 0, 0]
			},
			"faces": {
				"north": {
					"uv": [8.25, 13.25, 7.625, 14],
					"texture": "#3"
				},
				"east": {
					"uv": [8.25, 13.25, 7.625, 14],
					"texture": "#3"
				},
				"south": {
					"uv": [7.625, 13.25, 8.25, 14],
					"texture": "#3"
				},
				"west": {
					"uv": [8.25, 13.25, 7.625, 14],
					"texture": "#3"
				},
				"up": {
					"uv": [7.625, 13.25, 8.25, 13.375],
					"texture": "#3"
				},
				"down": {
					"uv": [7.625, 13.875, 8.25, 14],
					"texture": "#3"
				}
			}
		}
	]
}