{
	"textures": {
		"0": "animated_java:blueprint/ghost/51212b358da2eaf6",
		"1": "animated_java:blueprint/ghost/head",
		"2": "animated_java:blueprint/ghost/tail",
		"particle": "minecraft:item/pufferfish"
	},
	"display": {
		"head": {
			"rotation": [0, 180, 0]
		}
	},
	"elements": [
		{
			"from": [4, 8, 4],
			"to": [12, 16, 12],
			"rotation": {
				"angle": 0,
				"axis": "y",
				"origin": [8, 8, 8]
			},
			"faces": {
				"north": {
					"uv": [2, 2, 4, 4],
					"texture": "#0"
				},
				"east": {
					"uv": [0, 2, 2, 4],
					"texture": "#0"
				},
				"south": {
					"uv": [6, 2, 8, 4],
					"texture": "#0"
				},
				"west": {
					"uv": [4, 2, 6, 4],
					"texture": "#0"
				},
				"up": {
					"uv": [4, 2, 2, 0],
					"texture": "#0"
				},
				"down": {
					"uv": [6, 0, 4, 2],
					"texture": "#0"
				}
			}
		},
		{
			"from": [6.5, 16.31168, 12.43847],
			"to": [9.5, 22.31168, 18.43847],
			"rotation": {
				"angle": 10,
				"axis": "x",
				"origin": [8, 19.31168, 15.43847]
			},
			"faces": {
				"north": {
					"uv": [6, 0, 9, 6],
					"texture": "#1"
				},
				"east": {
					"uv": [0, 0, 6, 6],
					"texture": "#1"
				},
				"south": {
					"uv": [6, 6, 9, 12],
					"texture": "#1"
				},
				"west": {
					"uv": [6, 0, 0, 6],
					"texture": "#1"
				},
				"up": {
					"uv": [9, 0, 12, 6],
					"texture": "#1"
				},
				"down": {
					"uv": [9, 12, 12, 6],
					"texture": "#1"
				}
			}
		},
		{
			"from": [8, 13.64009, 15.55912],
			"to": [8, 17.39009, 20.80912],
			"rotation": {
				"angle": 10,
				"axis": "x",
				"origin": [8, 15.51509, 18.18412]
			},
			"faces": {
				"north": {
					"uv": [0, 0, 0, 3],
					"texture": "#2"
				},
				"east": {
					"uv": [7, 0, 0, 5],
					"texture": "#2"
				},
				"south": {
					"uv": [0, 0, 0, 3],
					"texture": "#2"
				},
				"west": {
					"uv": [0, 0, 7, 5],
					"texture": "#2"
				},
				"up": {
					"uv": [0, 0, 0, 4],
					"texture": "#2"
				},
				"down": {
					"uv": [0, 0, 0, 4],
					"texture": "#2"
				}
			}
		},
		{
			"from": [6, 14.89798, 10.16605],
			"to": [10, 16.89798, 13.16605],
			"rotation": {
				"angle": 10,
				"axis": "x",
				"origin": [8, 15.89798, 11.66605]
			},
			"faces": {
				"north": {
					"uv": [6.75, 4.25, 8.25, 5.25],
					"texture": "#0"
				},
				"east": {
					"uv": [11.25, 5, 13.75, 6.5],
					"texture": "#0"
				},
				"south": {
					"uv": [6.75, 4.25, 8.25, 5.25],
					"texture": "#0"
				},
				"west": {
					"uv": [11.25, 5, 13.75, 6.5],
					"texture": "#0"
				},
				"up": {
					"uv": [11, 4, 12, 4.75],
					"texture": "#0"
				},
				"down": {
					"uv": [11, 4, 12, 5],
					"texture": "#0"
				}
			}
		},
		{
			"from": [3.5, 7.5, 3.5],
			"to": [12.5, 16.5, 12.5],
			"rotation": {
				"angle": 0,
				"axis": "y",
				"origin": [8, 4.53084, 13.09206]
			},
			"faces": {
				"north": {
					"uv": [10, 2, 12, 4],
					"texture": "#0"
				},
				"east": {
					"uv": [8, 2, 10, 4],
					"texture": "#0"
				},
				"south": {
					"uv": [14, 2, 16, 4],
					"texture": "#0"
				},
				"west": {
					"uv": [12, 2, 14, 4],
					"texture": "#0"
				},
				"up": {
					"uv": [12, 2, 10, 0],
					"texture": "#0"
				},
				"down": {
					"uv": [14, 0, 12, 2],
					"texture": "#0"
				}
			}
		}
	]
}