{
	"textures": {
		"0": "animated_java:blueprint/ghost/51212b358da2eaf6",
		"particle": "minecraft:item/pufferfish"
	},
	"display": {
		"head": {
			"rotation": [0, 180, 0]
		}
	},
	"elements": [
		{
			"from": [6, -1, 6],
			"to": [10, 11, 10],
			"rotation": {
				"angle": 0,
				"axis": "y",
				"origin": [14, 7.53084, 13.09206]
			},
			"faces": {
				"north": {
					"uv": [9, 13, 10, 16],
					"texture": "#0"
				},
				"east": {
					"uv": [8, 13, 9, 16],
					"texture": "#0"
				},
				"south": {
					"uv": [11, 13, 12, 16],
					"texture": "#0"
				},
				"west": {
					"uv": [10, 13, 11, 16],
					"texture": "#0"
				},
				"up": {
					"uv": [10, 13, 9, 12],
					"texture": "#0"
				},
				"down": {
					"uv": [11, 12, 10, 13],
					"texture": "#0"
				}
			}
		},
		{
			"from": [5.5, -2, 5.5],
			"to": [10.5, 11.5, 10.5],
			"rotation": {
				"angle": 0,
				"axis": "y",
				"origin": [14, 7.53084, 13.09206]
			},
			"faces": {
				"north": {
					"uv": [13, 13, 14, 16],
					"texture": "#0"
				},
				"east": {
					"uv": [12, 13, 13, 16],
					"texture": "#0"
				},
				"south": {
					"uv": [15, 13, 16, 16],
					"texture": "#0"
				},
				"west": {
					"uv": [14, 13, 15, 16],
					"texture": "#0"
				},
				"up": {
					"uv": [14, 13, 13, 12],
					"texture": "#0"
				},
				"down": {
					"uv": [15, 12, 14, 13],
					"texture": "#0"
				}
			}
		}
	]
}