{
	"textures": {
		"0": "animated_java:blueprint/ghost/51212b358da2eaf6",
		"particle": "minecraft:item/pufferfish"
	},
	"display": {
		"head": {
			"rotation": [0, 180, 0]
		}
	},
	"elements": [
		{
			"from": [4, -4, 6],
			"to": [8, 8, 10],
			"rotation": {
				"angle": 0,
				"axis": "y",
				"origin": [8, 16.53084, 13.09206]
			},
			"faces": {
				"north": {
					"uv": [5, 13, 6, 16],
					"texture": "#0"
				},
				"east": {
					"uv": [4, 13, 5, 16],
					"texture": "#0"
				},
				"south": {
					"uv": [7, 13, 8, 16],
					"texture": "#0"
				},
				"west": {
					"uv": [6, 13, 7, 16],
					"texture": "#0"
				},
				"up": {
					"uv": [6, 13, 5, 12],
					"texture": "#0"
				},
				"down": {
					"uv": [7, 12, 6, 13],
					"texture": "#0"
				}
			}
		},
		{
			"from": [3.5, -5, 5.5],
			"to": [8.5, 8.5, 10.5],
			"rotation": {
				"angle": 0,
				"axis": "y",
				"origin": [6, 1.75, 8]
			},
			"faces": {
				"north": {
					"uv": [1, 13, 2, 16],
					"texture": "#0"
				},
				"east": {
					"uv": [0, 13, 1, 16],
					"texture": "#0"
				},
				"south": {
					"uv": [3, 13, 4, 16],
					"texture": "#0"
				},
				"west": {
					"uv": [2, 13, 3, 16],
					"texture": "#0"
				},
				"up": {
					"uv": [2, 12, 1, 11],
					"texture": "#0"
				},
				"down": {
					"uv": [3, 12, 2, 13],
					"texture": "#0"
				}
			}
		}
	]
}