{
	"textures": {
		"0": "animated_java:blueprint/ghost/51212b358da2eaf6",
		"particle": "minecraft:item/pufferfish"
	},
	"display": {
		"head": {
			"rotation": [0, 180, 0]
		}
	},
	"elements": [
		{
			"from": [6.0025, -1.5, 6],
			"to": [10.0025, 10.5, 10],
			"rotation": {
				"angle": 0,
				"axis": "y",
				"origin": [-5.9975, -13, 0]
			},
			"faces": {
				"north": {
					"uv": [11, 5, 12, 8],
					"texture": "#0"
				},
				"east": {
					"uv": [10, 5, 11, 8],
					"texture": "#0"
				},
				"south": {
					"uv": [13, 5, 14, 8],
					"texture": "#0"
				},
				"west": {
					"uv": [12, 5, 13, 8],
					"texture": "#0"
				},
				"up": {
					"uv": [12, 5, 11, 4],
					"texture": "#0"
				},
				"down": {
					"uv": [13, 4, 12, 5],
					"texture": "#0"
				}
			}
		},
		{
			"from": [5.5025, -2, 5.5],
			"to": [10.4925, 11, 10.5],
			"rotation": {
				"angle": 0,
				"axis": "y",
				"origin": [-5.9975, -13, 0]
			},
			"faces": {
				"north": {
					"uv": [11, 9, 12, 12],
					"texture": "#0"
				},
				"east": {
					"uv": [10, 9, 11, 12],
					"texture": "#0"
				},
				"south": {
					"uv": [13, 9, 14, 12],
					"texture": "#0"
				},
				"west": {
					"uv": [12, 9, 13, 12],
					"texture": "#0"
				},
				"up": {
					"uv": [12, 9, 11, 8],
					"texture": "#0"
				},
				"down": {
					"uv": [13, 8, 12, 9],
					"texture": "#0"
				}
			}
		}
	]
}