{
	"textures": {
		"1": "animated_java:blueprint/ghost/head",
		"2": "animated_java:blueprint/ghost/tail",
		"particle": "minecraft:item/pufferfish"
	},
	"display": {
		"head": {
			"rotation": [0, 180, 0]
		}
	},
	"elements": [
		{
			"from": [8, 4.56316, 6.8719],
			"to": [8, 9.56316, 13.8719],
			"rotation": {
				"angle": 27.5,
				"axis": "x",
				"origin": [8, 7.06316, 10.3719]
			},
			"faces": {
				"north": {
					"uv": [0, 0, 0, 5],
					"texture": "#2"
				},
				"east": {
					"uv": [7, 0, 0, 5],
					"texture": "#2"
				},
				"south": {
					"uv": [0, 0, 0, 5],
					"texture": "#2"
				},
				"west": {
					"uv": [0, 0, 7, 5],
					"texture": "#2"
				},
				"up": {
					"uv": [0, 7, 0, 0],
					"texture": "#2"
				},
				"down": {
					"uv": [0, 0, 0, 7],
					"texture": "#2"
				}
			}
		},
		{
			"from": [6.5, 10, 5],
			"to": [9.5, 16, 11],
			"rotation": {
				"angle": 27.5,
				"axis": "x",
				"origin": [8, 10, 6]
			},
			"faces": {
				"north": {
					"uv": [6, 0, 9, 6],
					"texture": "#1"
				},
				"east": {
					"uv": [0, 0, 6, 6],
					"texture": "#1"
				},
				"south": {
					"uv": [6, 6, 9, 12],
					"texture": "#1"
				},
				"west": {
					"uv": [6, 0, 0, 6],
					"texture": "#1"
				},
				"up": {
					"uv": [12, 0, 9, 6],
					"texture": "#1"
				},
				"down": {
					"uv": [12, 12, 9, 6],
					"texture": "#1"
				}
			}
		}
	]
}