{
	"textures": {
		"0": "animated_java:blueprint/aka/black",
		"1": "minecraft:item/aka",
		"particle": "minecraft:item/pufferfish"
	},
	"display": {
		"head": {
			"rotation": [0, 180, 0]
		}
	},
	"elements": [
		{
			"from": [4, 4, 4],
			"to": [12, 12, 12],
			"faces": {
				"north": {
					"uv": [0, 0, 8, 8],
					"texture": "#1"
				},
				"east": {
					"uv": [0, 0, 8, 8],
					"texture": "#1"
				},
				"south": {
					"uv": [0, 0, 8, 8],
					"texture": "#1"
				},
				"west": {
					"uv": [0, 0, 8, 8],
					"texture": "#1"
				},
				"up": {
					"uv": [0, 0, 8, 8],
					"texture": "#1"
				},
				"down": {
					"uv": [0, 0, 8, 8],
					"texture": "#1"
				}
			}
		},
		{
			"from": [5, 5, 5],
			"to": [11, 11, 11],
			"faces": {
				"north": {
					"uv": [0, 0, 3, 3],
					"texture": "#0"
				},
				"east": {
					"uv": [0, 3, 3, 6],
					"texture": "#0"
				},
				"south": {
					"uv": [3, 0, 6, 3],
					"texture": "#0"
				},
				"west": {
					"uv": [3, 3, 6, 6],
					"texture": "#0"
				},
				"up": {
					"uv": [3, 9, 0, 6],
					"texture": "#0"
				},
				"down": {
					"uv": [9, 0, 6, 3],
					"texture": "#0"
				}
			}
		}
	]
}