{
	"textures": {
		"1": "minecraft:item/aka",
		"particle": "minecraft:item/pufferfish"
	},
	"display": {
		"head": {
			"rotation": [0, 180, 0]
		}
	},
	"elements": [
		{
			"from": [9, 8, 7],
			"to": [10, 9, 8],
			"rotation": {
				"angle": 0,
				"axis": "y",
				"origin": [9.5, 8.5, 7.5]
			},
			"faces": {
				"north": {
					"uv": [0, 0, 1, 1],
					"texture": "#1"
				},
				"east": {
					"uv": [0, 1, 1, 2],
					"texture": "#1"
				},
				"south": {
					"uv": [1, 0, 2, 1],
					"texture": "#1"
				},
				"west": {
					"uv": [1, 1, 2, 2],
					"texture": "#1"
				},
				"up": {
					"uv": [1, 3, 0, 2],
					"texture": "#1"
				},
				"down": {
					"uv": [3, 0, 2, 1],
					"texture": "#1"
				}
			}
		}
	]
}