{
	"textures": {
		"2": "animated_java:blueprint/aka/texture",
		"particle": "minecraft:item/pufferfish"
	},
	"display": {
		"head": {
			"rotation": [0, 180, 0]
		}
	},
	"elements": [
		{
			"from": [4, 4, 4],
			"to": [12, 12, 12],
			"faces": {
				"north": {
					"uv": [0, 0, 4, 4],
					"texture": "#2"
				},
				"east": {
					"uv": [0, 0, 4, 4],
					"texture": "#2"
				},
				"south": {
					"uv": [0, 0, 4, 4],
					"texture": "#2"
				},
				"west": {
					"uv": [0, 0, 4, 4],
					"texture": "#2"
				},
				"up": {
					"uv": [4, 4, 0, 0],
					"texture": "#2"
				},
				"down": {
					"uv": [4, 0, 0, 4],
					"texture": "#2"
				}
			}
		},
		{
			"from": [5, 5, 5],
			"to": [11, 11, 11],
			"faces": {
				"north": {
					"uv": [0, 4, 3, 7],
					"texture": "#2"
				},
				"east": {
					"uv": [4, 0, 7, 3],
					"texture": "#2"
				},
				"south": {
					"uv": [3, 4, 6, 7],
					"texture": "#2"
				},
				"west": {
					"uv": [6, 3, 9, 6],
					"texture": "#2"
				},
				"up": {
					"uv": [9, 9, 6, 6],
					"texture": "#2"
				},
				"down": {
					"uv": [3, 7, 0, 10],
					"texture": "#2"
				}
			}
		}
	]
}