{
	"textures": {
		"0": "animated_java:blueprint/ryo/shadow",
		"particle": "minecraft:item/pufferfish"
	},
	"display": {
		"head": {
			"rotation": [0, 180, 0]
		}
	},
	"elements": [
		{
			"from": [-4.15, -4, -4],
			"to": [19.85, 20, 20],
			"rotation": {
				"angle": 0,
				"axis": "y",
				"origin": [7.85, 8, 8]
			},
			"faces": {
				"north": {
					"uv": [0, 0, 4, 4],
					"texture": "#0"
				},
				"east": {
					"uv": [0, 4, 4, 8],
					"texture": "#0"
				},
				"south": {
					"uv": [4, 0, 8, 4],
					"texture": "#0"
				},
				"west": {
					"uv": [4, 4, 8, 8],
					"texture": "#0"
				},
				"up": {
					"uv": [4, 12, 0, 8],
					"texture": "#0"
				},
				"down": {
					"uv": [12, 0, 8, 4],
					"texture": "#0"
				}
			}
		}
	]
}