{
	"textures": {
		"0": "animated_java:blueprint/turret/advanced_laser_turret",
		"particle": "minecraft:item/pufferfish"
	},
	"display": {
		"head": {
			"rotation": [0, 180, 0]
		}
	},
	"elements": [
		{
			"from": [3, 7.33333, 9.33333],
			"to": [13, 8.33333, 11.33333],
			"faces": {
				"north": {
					"uv": [0.5, 7.25, 3, 7.5],
					"texture": "#0"
				},
				"east": {
					"uv": [0, 7.25, 0.5, 7.5],
					"texture": "#0"
				},
				"south": {
					"uv": [3.5, 7.25, 6, 7.5],
					"texture": "#0"
				},
				"west": {
					"uv": [3, 7.25, 3.5, 7.5],
					"texture": "#0"
				},
				"up": {
					"uv": [3, 7.25, 0.5, 6.75],
					"texture": "#0"
				},
				"down": {
					"uv": [5.5, 6.75, 3, 7.25],
					"texture": "#0"
				}
			}
		},
		{
			"from": [7, 7.33333, 0.33333],
			"to": [9, 9.33333, 6.33333],
			"rotation": {
				"angle": 0,
				"axis": "y",
				"origin": [8, 10.33333, 10.33333]
			},
			"faces": {
				"north": {
					"uv": [8, 9.5, 8.5, 10],
					"texture": "#0"
				},
				"east": {
					"uv": [6.5, 9.5, 8, 10],
					"texture": "#0"
				},
				"south": {
					"uv": [10, 9.5, 10.5, 10],
					"texture": "#0"
				},
				"west": {
					"uv": [8.5, 9.5, 10, 10],
					"texture": "#0"
				},
				"up": {
					"uv": [8.5, 9.5, 8, 8],
					"texture": "#0"
				},
				"down": {
					"uv": [9, 8, 8.5, 9.5],
					"texture": "#0"
				}
			}
		},
		{
			"from": [6, 6.33333, 6.33333],
			"to": [10, 9.33333, 14.33333],
			"rotation": {
				"angle": 0,
				"axis": "y",
				"origin": [8, 10.33333, 10.33333]
			},
			"faces": {
				"north": {
					"uv": [2, 5.25, 3, 6],
					"texture": "#0"
				},
				"east": {
					"uv": [0, 5.25, 2, 6],
					"texture": "#0"
				},
				"south": {
					"uv": [5, 5.25, 6, 6],
					"texture": "#0"
				},
				"west": {
					"uv": [3, 5.25, 5, 6],
					"texture": "#0"
				},
				"up": {
					"uv": [3, 5.25, 2, 3.25],
					"texture": "#0"
				},
				"down": {
					"uv": [4, 3.25, 3, 5.25],
					"texture": "#0"
				}
			}
		}
	]
}