{
	"textures": {
		"0": "animated_java:blueprint/turret/advanced_laser_turret",
		"particle": "minecraft:item/pufferfish"
	},
	"display": {
		"head": {
			"rotation": [0, 180, 0]
		}
	},
	"elements": [
		{
			"from": [2, 8, 2],
			"to": [14, 9, 14],
			"faces": {
				"north": {
					"uv": [3, 3, 6, 3.25],
					"texture": "#0"
				},
				"east": {
					"uv": [0, 3, 3, 3.25],
					"texture": "#0"
				},
				"south": {
					"uv": [9, 3, 12, 3.25],
					"texture": "#0"
				},
				"west": {
					"uv": [6, 3, 9, 3.25],
					"texture": "#0"
				},
				"up": {
					"uv": [6, 3, 3, 0],
					"texture": "#0"
				},
				"down": {
					"uv": [9, 0, 6, 3],
					"texture": "#0"
				}
			}
		},
		{
			"from": [5, 9, 5],
			"to": [11, 10, 11],
			"faces": {
				"north": {
					"uv": [6, 6.5, 7.5, 6.75],
					"texture": "#0"
				},
				"east": {
					"uv": [4.5, 6.5, 6, 6.75],
					"texture": "#0"
				},
				"south": {
					"uv": [9, 6.5, 10.5, 6.75],
					"texture": "#0"
				},
				"west": {
					"uv": [7.5, 6.5, 9, 6.75],
					"texture": "#0"
				},
				"up": {
					"uv": [7.5, 6.5, 6, 5],
					"texture": "#0"
				},
				"down": {
					"uv": [9, 5, 7.5, 6.5],
					"texture": "#0"
				}
			}
		},
		{
			"from": [12, 9, 3],
			"to": [13, 10, 4],
			"faces": {
				"north": {
					"uv": [1, 1, 1.25, 1.25],
					"texture": "#0"
				},
				"east": {
					"uv": [0.75, 1, 1, 1.25],
					"texture": "#0"
				},
				"south": {
					"uv": [1.5, 1, 1.75, 1.25],
					"texture": "#0"
				},
				"west": {
					"uv": [1.25, 1, 1.5, 1.25],
					"texture": "#0"
				},
				"up": {
					"uv": [1.25, 1, 1, 0.75],
					"texture": "#0"
				},
				"down": {
					"uv": [1.5, 0.75, 1.25, 1],
					"texture": "#0"
				}
			}
		},
		{
			"from": [12, 9, 12],
			"to": [13, 10, 13],
			"faces": {
				"north": {
					"uv": [1, 0.5, 1.25, 0.75],
					"texture": "#0"
				},
				"east": {
					"uv": [0.75, 0.5, 1, 0.75],
					"texture": "#0"
				},
				"south": {
					"uv": [1.5, 0.5, 1.75, 0.75],
					"texture": "#0"
				},
				"west": {
					"uv": [1.25, 0.5, 1.5, 0.75],
					"texture": "#0"
				},
				"up": {
					"uv": [1.25, 0.5, 1, 0.25],
					"texture": "#0"
				},
				"down": {
					"uv": [1.5, 0.25, 1.25, 0.5],
					"texture": "#0"
				}
			}
		},
		{
			"from": [3, 9, 12],
			"to": [4, 10, 13],
			"faces": {
				"north": {
					"uv": [0.25, 0.75, 0.5, 1],
					"texture": "#0"
				},
				"east": {
					"uv": [0, 0.75, 0.25, 1],
					"texture": "#0"
				},
				"south": {
					"uv": [0.75, 0.75, 1, 1],
					"texture": "#0"
				},
				"west": {
					"uv": [0.5, 0.75, 0.75, 1],
					"texture": "#0"
				},
				"up": {
					"uv": [0.5, 0.75, 0.25, 0.5],
					"texture": "#0"
				},
				"down": {
					"uv": [0.75, 0.5, 0.5, 0.75],
					"texture": "#0"
				}
			}
		},
		{
			"from": [3, 9, 3],
			"to": [4, 10, 4],
			"faces": {
				"north": {
					"uv": [0.25, 0.25, 0.5, 0.5],
					"texture": "#0"
				},
				"east": {
					"uv": [0, 0.25, 0.25, 0.5],
					"texture": "#0"
				},
				"south": {
					"uv": [0.75, 0.25, 1, 0.5],
					"texture": "#0"
				},
				"west": {
					"uv": [0.5, 0.25, 0.75, 0.5],
					"texture": "#0"
				},
				"up": {
					"uv": [0.5, 0.25, 0.25, 0],
					"texture": "#0"
				},
				"down": {
					"uv": [0.75, 0, 0.5, 0.25],
					"texture": "#0"
				}
			}
		},
		{
			"from": [11, 14, 5],
			"to": [12, 19, 11],
			"faces": {
				"north": {
					"uv": [1.5, 9, 1.75, 10.25],
					"texture": "#0"
				},
				"east": {
					"uv": [0, 9, 1.5, 10.25],
					"texture": "#0"
				},
				"south": {
					"uv": [3.25, 9, 3.5, 10.25],
					"texture": "#0"
				},
				"west": {
					"uv": [1.75, 9, 3.25, 10.25],
					"texture": "#0"
				},
				"up": {
					"uv": [1.75, 9, 1.5, 7.5],
					"texture": "#0"
				},
				"down": {
					"uv": [2, 7.5, 1.75, 9],
					"texture": "#0"
				}
			}
		},
		{
			"from": [4, 13, 5],
			"to": [12, 14, 11],
			"faces": {
				"north": {
					"uv": [5.5, 4.75, 7.5, 5],
					"texture": "#0"
				},
				"east": {
					"uv": [4, 4.75, 5.5, 5],
					"texture": "#0"
				},
				"south": {
					"uv": [9, 4.75, 11, 5],
					"texture": "#0"
				},
				"west": {
					"uv": [7.5, 4.75, 9, 5],
					"texture": "#0"
				},
				"up": {
					"uv": [7.5, 4.75, 5.5, 3.25],
					"texture": "#0"
				},
				"down": {
					"uv": [9.5, 3.25, 7.5, 4.75],
					"texture": "#0"
				}
			}
		},
		{
			"from": [4, 14, 5],
			"to": [5, 19, 11],
			"faces": {
				"north": {
					"uv": [6, 8.25, 6.25, 9.5],
					"texture": "#0"
				},
				"east": {
					"uv": [4.5, 8.25, 6, 9.5],
					"texture": "#0"
				},
				"south": {
					"uv": [7.75, 8.25, 8, 9.5],
					"texture": "#0"
				},
				"west": {
					"uv": [6.25, 8.25, 7.75, 9.5],
					"texture": "#0"
				},
				"up": {
					"uv": [6.25, 8.25, 6, 6.75],
					"texture": "#0"
				},
				"down": {
					"uv": [6.5, 6.75, 6.25, 8.25],
					"texture": "#0"
				}
			}
		},
		{
			"from": [6, 10, 6],
			"to": [10, 13, 10],
			"faces": {
				"north": {
					"uv": [10, 1, 11, 1.75],
					"texture": "#0"
				},
				"east": {
					"uv": [9, 1, 10, 1.75],
					"texture": "#0"
				},
				"south": {
					"uv": [12, 1, 13, 1.75],
					"texture": "#0"
				},
				"west": {
					"uv": [11, 1, 12, 1.75],
					"texture": "#0"
				},
				"up": {
					"uv": [11, 1, 10, 0],
					"texture": "#0"
				},
				"down": {
					"uv": [12, 0, 11, 1],
					"texture": "#0"
				}
			}
		}
	]
}